published_date,price
2010-06-01,35499
2010-06-02,36053
2010-06-07,35901
2010-06-08,36199
2010-06-09,36199
2010-06-10,36041
2010-06-13,35808
2010-09-24,51350
2010-10-06,37802
2010-10-07,38001
2010-10-08,37849
2010-10-10,38001
2010-10-11,38199
2010-10-12,38199
2010-10-13,38199
2010-10-20,38001
2010-10-21,38001
2010-10-22,37802
2010-10-24,37902
2010-11-02,38724
2010-11-03,38298
2010-11-04,38298
2010-11-10,39150
2010-11-14,39097
2010-11-15,39097
2010-11-16,38899
2010-11-17,38502
2010-11-18,38701
2010-11-21,38852
2010-11-22,38998
2010-11-23,39301
2010-11-25,39698
2010-11-28,39552
2010-11-29,39447
2010-11-30,39575
2010-12-01,40001
2010-12-02,39552
2010-12-05,40252
2010-12-06,40199
2010-12-07,40398
2010-12-08,39803
2010-12-09,39803
2010-12-12,39698
2010-12-13,39750
2010-12-15,39978
2010-12-19,39651
2010-12-20,39849
2010-12-21,39849
2010-12-22,39849
2010-12-23,39698
2010-12-26,39651
2010-12-27,39651
2010-12-28,39750
2010-12-29,40100
2010-12-30,40199
2010-12-31,40048
2011-01-02,40153
2011-01-03,40100
2011-01-04,40100
2011-01-05,39651
2011-01-06,39552
2011-01-07,39453
2011-01-09,39400
2011-01-10,39499
2011-01-11,39499
2011-01-12,39599
2011-01-13,39651
2011-01-14,39599
2011-01-16,39447
2011-01-17,39447
2011-01-18,39400
2011-01-19,39499
2011-01-20,39552
2011-01-21,39103
2011-01-23,39103
2011-01-24,39202
2011-01-25,38800
2011-01-26,38800
2011-01-27,38899
2011-01-28,38351
2011-01-30,38951
2011-01-31,38951
2011-02-01,38951
2011-02-02,38840
2011-02-03,38701
2011-02-04,39103
2011-02-06,39103
2011-02-07,38998
2011-02-08,38951
2011-02-09,39150
2011-02-10,39319
2011-02-11,39400
2011-02-13,39249
2011-02-14,39202
2011-02-15,39249
2011-02-16,39499
2011-02-17,39499
2011-02-18,39552
2011-02-20,39599
2011-02-21,39698
2011-02-22,39925
2011-02-23,39849
2011-02-24,40199
2011-02-25,40199
2011-02-27,40199
2011-02-28,40246
2011-03-01,40199
2011-03-03,40590
2011-03-04,40199
2011-03-06,40450
2011-03-07,40695
2011-03-08,40549
2011-03-09,40398
2011-03-10,40450
2011-03-11,40153
2011-03-13,40199
2011-03-14,40403
2011-03-15,40199
2011-03-16,39902
2011-03-17,39803
2011-03-18,40001
2011-03-20,40153
2011-03-21,40398
2011-03-22,40398
2011-03-23,40298
2011-03-24,40450
2011-03-25,40252
2011-03-27,40153
2011-03-28,40048
2011-03-29,39949
2011-03-30,39902
2011-03-31,40100
2011-04-01,40001
2011-04-03,40048
2011-04-04,40001
2011-04-05,40153
2011-04-06,40398
2011-04-07,40398
2011-04-08,40450
2011-04-10,40701
2011-04-11,40747
2011-04-12,40602
2011-04-13,40648
2011-04-15,41097
2011-04-17,41348
2011-04-18,41249
2011-04-19,41500
2011-04-20,41500
2011-04-21,41651
2011-04-22,41651
2011-04-24,42100
2011-04-25,42100
2011-04-26,41751
2011-04-27,41850
2011-04-28,42299
2011-04-29,42450
2011-05-01,43098
2011-05-02,42899
2011-05-03,42899
2011-05-04,42649
2011-05-05,42299
2011-05-06,41698
2011-05-08,41797
2011-05-09,41902
2011-05-10,42200
2011-05-11,42497
2011-05-12,42100
2011-05-13,42100
2011-05-15,42001
2011-05-16,42001
2011-05-18,42001
2011-05-19,42001
2011-05-20,42001
2011-05-22,42497
2011-05-23,42602
2011-05-24,42701
2011-05-25,43098
2011-05-26,43156
2011-05-27,43098
2011-05-29,43302
2011-05-30,43249
2011-05-31,43150
2011-06-01,42952
2011-06-02,43098
2011-06-03,42853
2011-06-05,43051
2011-06-06,43098
2011-06-07,43098
2011-06-08,42923
2011-06-09,42748
2011-06-10,42952
2011-06-12,42748
2011-06-13,42800
2011-06-14,42497
2011-06-15,42550
2011-06-16,42649
2011-06-17,42701
2011-06-19,43098
2011-06-20,43098
2011-06-21,43197
2011-06-22,43197
2011-06-23,43302
2011-06-24,42701
2011-06-26,42246
2011-06-27,42246
2011-06-28,42147
2011-06-29,42200
2011-06-30,42246
2011-07-01,41797
2011-07-03,41500
2011-07-04,41500
2011-07-05,41599
2011-07-06,42001
2011-07-07,42497
2011-07-08,42497
2011-07-10,42748
2011-07-11,42748
2011-07-12,43098
2011-07-13,43500
2011-07-14,43903
2011-07-15,43850
2011-07-17,43914
2011-07-18,44147
2011-07-19,44299
2011-07-20,44002
2011-07-21,44200
2011-07-22,43903
2011-07-24,44101
2011-07-25,44550
2011-07-26,44550
2011-07-27,44352
2011-07-28,44352
2011-07-29,44352
2011-07-31,44702
2011-08-01,44299
2011-08-02,44702
2011-08-03,45699
2011-08-04,45950
2011-08-05,46148
2011-08-07,46299
2011-08-08,47501
2011-08-09,49396
2011-08-10,49099
2011-08-11,50498
2011-08-12,49647
2011-08-14,49297
2011-08-15,49099
2011-08-16,49501
2011-08-17,50248
2011-08-18,50697
2011-08-19,52248
2011-08-21,52400
2011-08-22,53397
2011-08-23,53898
2011-08-24,52400
2011-08-25,50003
2011-08-26,50901
2011-08-28,52499
2011-08-29,51898
2011-08-30,51297
2011-08-31,52400
2011-09-01,52102
2011-09-02,52102
2011-09-04,53304
2011-09-05,53304
2011-09-06,54202
2011-09-07,52796
2011-09-08,52499
2011-09-09,53502
2011-09-11,53502
2011-09-12,53799
2011-09-13,53298
2011-09-14,53799
2011-09-15,53304
2011-09-16,51904
2011-09-18,53000
2011-09-19,53601
2011-09-20,53000
2011-09-21,53601
2011-09-22,53449
2011-09-23,53199
2011-09-26,49799
2011-09-27,50708
2011-09-28,50708
2011-09-29,49699
2011-09-30,50300
2011-10-02,50300
2011-10-09,51000
2011-10-10,51198
2011-10-11,51700
2011-10-12,51502
2011-10-13,51198
2011-10-14,51000
2011-10-16,51297
2011-10-17,51297
2011-10-18,51198
2011-10-19,50901
2011-10-20,50201
2011-10-21,50749
2011-10-23,51262
2011-10-24,51262
2011-10-25,51262
2011-10-26,52697
2011-10-30,52901
2011-10-31,52300
2011-11-01,52300
2011-11-02,52802
2011-11-03,53000
2011-11-04,53595
2011-11-06,53502
2011-11-07,53700
2011-11-08,54703
2011-11-09,55199
2011-11-10,54703
2011-11-11,54703
2011-11-13,55100
2011-11-14,55199
2011-11-15,55199
2011-11-16,55403
2011-11-17,55251
2011-11-18,54598
2011-11-20,54948
2011-11-21,55100
2011-11-22,54797
2011-11-23,55001
2011-11-24,54750
2011-11-25,54651
2011-11-27,54499
2011-11-28,54948
2011-11-29,54948
2011-11-30,55496
2011-12-01,55800
2011-12-02,55403
2011-12-05,55496
2011-12-06,54499
2011-12-07,55047
2011-12-08,55700
2011-12-09,55199
2011-12-11,55199
2011-12-12,54750
2011-12-13,54598
2011-12-14,54447
2011-12-15,52849
2011-12-16,51851
2011-12-18,52347
2011-12-19,52347
2011-12-20,52545
2011-12-21,53199
2011-12-22,52802
2011-12-23,52802
2011-12-25,52901
2011-12-26,52901
2011-12-27,52604
2011-12-28,52604
2011-12-29,51904
2011-12-30,51904
2012-01-01,52300
2012-01-02,52300
2012-01-03,52400
2012-01-04,52901
2012-01-05,53099
2012-01-06,53304
2012-01-08,53199
2012-01-09,53000
2012-01-10,53000
2012-01-11,53199
2012-01-12,53199
2012-01-13,53199
2012-01-15,53099
2012-01-16,52901
2012-01-17,52849
2012-01-18,53000
2012-01-19,53000
2012-01-20,53000
2012-01-22,53000
2012-01-23,53000
2012-01-24,53000
2012-01-25,53000
2012-01-26,53502
2012-01-27,53502
2012-01-29,53998
2012-01-30,53998
2012-01-31,54301
2012-02-01,54499
2012-02-02,54499
2012-02-03,54295
2012-02-05,54202
2012-02-06,53502
2012-02-07,53502
2012-02-08,54499
2012-02-09,54499
2012-02-10,54400
2012-02-12,54097
2012-02-13,54097
2012-02-14,53998
2012-02-15,53898
2012-02-16,53898
2012-02-17,54097
2012-02-19,53998
2012-02-20,54097
2012-02-21,54097
2012-02-22,54697
2012-02-23,55298
2012-02-24,55397
2012-02-26,55246
2012-02-27,55100
2012-02-28,55001
2012-02-29,55298
2012-03-01,53601
2012-03-02,53700
2012-03-04,53747
2012-03-05,54003
2012-03-06,54003
2012-03-08,54003
2012-03-09,54149
2012-03-11,54202
2012-03-12,54003
2012-03-13,54003
2012-03-14,53502
2012-03-15,52499
2012-03-16,53000
2012-03-18,53502
2012-03-19,53502
2012-03-20,53502
2012-03-21,53502
2012-03-23,53502
2012-03-25,54003
2012-03-26,54103
2012-03-27,54697
2012-03-28,54400
2012-03-29,53998
2012-03-30,53998
2012-04-01,54202
2012-04-02,53998
2012-04-03,53998
2012-04-04,53397
2012-04-05,52901
2012-04-06,53502
2012-04-08,53502
2012-04-09,53601
2012-04-10,53601
2012-04-11,54097
2012-04-12,54097
2012-04-15,54097
2012-04-16,54097
2012-04-17,54097
2012-04-18,54097
2012-04-19,54097
2012-04-20,54400
2012-04-22,54400
2012-04-23,54400
2012-04-24,54797
2012-04-25,54797
2012-04-26,55001
2012-04-27,55199
2012-04-29,55298
2012-04-30,55298
2012-05-01,55496
2012-05-02,55397
2012-05-03,55397
2012-05-04,55998
2012-05-07,55899
2012-05-08,55403
2012-05-09,54703
2012-05-10,54703
2012-05-11,54703
2012-05-13,54400
2012-05-14,54301
2012-05-15,53799
2012-05-16,53595
2012-05-17,53898
2012-05-18,55001
2012-05-20,55001
2012-05-21,55001
2012-05-22,55199
2012-05-23,55199
2012-05-24,55199
2012-05-25,55001
2012-05-27,55100
2012-05-28,55100
2012-05-29,55100
2012-05-30,55001
2012-05-31,55496
2012-06-01,55199
2012-06-03,56797
2012-06-04,56599
2012-06-05,56599
2012-06-06,56902
2012-06-07,56651
2012-06-08,55100
2012-06-10,56301
2012-06-11,56301
2012-06-12,56651
2012-06-13,56949
2012-06-14,57199
2012-06-15,57246
2012-06-17,57199
2012-06-18,57100
2012-06-19,57701
2012-06-20,57503
2012-06-21,57398
2012-06-22,56599
2012-06-24,57001
2012-06-25,56599
2012-06-26,57398
2012-06-27,57199
2012-06-28,57199
2012-06-29,56499
2012-07-01,56698
2012-07-02,56599
2012-07-03,56447
2012-07-04,56301
2012-07-05,56546
2012-07-06,56651
2012-07-08,56196
2012-07-09,56400
2012-07-10,56400
2012-07-11,55800
2012-07-12,55800
2012-07-13,55700
2012-07-15,55700
2012-07-16,55601
2012-07-17,55747
2012-07-18,55601
2012-07-19,55601
2012-07-20,55601
2012-07-22,55800
2012-07-23,56045
2012-07-24,56196
2012-07-25,56546
2012-07-26,57100
2012-07-27,57001
2012-07-29,57100
2012-07-30,57100
2012-07-31,57199
2012-08-01,57001
2012-08-02,57001
2012-08-03,57001
2012-08-05,57001
2012-08-06,56599
2012-08-07,56797
2012-08-08,56797
2012-08-09,56797
2012-08-10,57100
2012-08-12,57199
2012-08-13,57398
2012-08-14,57398
2012-08-15,57398
2012-08-16,57398
2012-08-17,57497
2012-08-19,57602
2012-08-20,57701
2012-08-21,57701
2012-08-22,58051
2012-08-23,58599
2012-08-24,58902
2012-08-26,59194
2012-08-27,59398
2012-08-28,59194
2012-08-29,59299
2012-08-30,59001
2012-08-31,59001
2012-09-02,59899
2012-09-03,59777
2012-09-04,59999
2012-09-05,60197
2012-09-06,60535
2012-09-07,59999
2012-09-09,61118
2012-09-10,61177
2012-09-11,61060
2012-09-12,61060
2012-09-13,61060
2012-09-14,61760
2012-09-16,61293
2012-09-17,60897
2012-09-18,60652
2012-09-19,61002
2012-09-20,61002
2012-09-21,61002
2012-09-23,60500
2012-09-24,59800
2012-09-25,60197
2012-09-26,60197
2012-09-27,59701
2012-09-28,59894
2012-09-30,59789
2012-10-01,59602
2012-10-02,59497
2012-10-03,59200
2012-10-04,59001
2012-10-05,58937
2012-10-07,58937
2012-10-08,58999
2012-10-09,59299
2012-10-10,59474
2012-10-11,59719
2012-10-12,59649
2012-10-14,59147
2012-10-15,59147
2012-10-16,59048
2012-10-17,58996
2012-10-18,59229
2012-10-19,59450
2012-10-30,59001
2012-10-31,59299
2012-11-01,59299
2012-11-02,59200
2012-11-04,58401
2012-11-05,58401
2012-11-06,59001
2012-11-07,59701
2012-11-08,59835
2012-11-09,60098
2012-11-11,60500
2012-11-12,60500
2012-11-18,60360
2012-11-19,60500
2012-11-20,60798
2012-11-21,60798
2012-11-22,60850
2012-11-23,60850
2012-11-25,61847
2012-11-26,61847
2012-11-27,61847
2012-11-28,61497
2012-11-29,60798
2012-11-30,60500
2012-12-02,59497
2012-12-03,59649
2012-12-04,59899
2012-12-05,59649
2012-12-06,59497
2012-12-07,59649
2012-12-09,59748
2012-12-10,59701
2012-12-11,59497
2012-12-12,59299
2012-12-13,59001
2012-12-14,59200
2012-12-16,59200
2012-12-17,59200
2012-12-18,59001
2012-12-19,58797
2012-12-20,58698
2012-12-21,58319
2012-12-23,58500
2012-12-24,58500
2012-12-25,58500
2012-12-26,58319
2012-12-27,58319
2012-12-28,58500
2012-12-30,58500
2013-01-01,58797
2013-01-02,58797
2013-01-03,59100
2013-01-04,58500
2013-01-06,58599
2013-01-07,58599
2013-01-08,58599
2013-01-09,58599
2013-01-10,58319
2013-01-13,58319
2013-01-14,58401
2013-01-15,58401
2013-01-17,59001
2013-01-18,58797
2013-01-20,58599
2013-01-21,58599
2013-01-22,58599
2013-01-23,58599
2013-01-24,58500
2013-01-25,57800
2013-01-27,57800
2013-01-28,57998
2013-01-29,58202
2013-01-30,58202
2013-01-31,58202
2013-02-01,57800
2013-02-03,57800
2013-02-04,57800
2013-02-05,58097
2013-02-06,57800
2013-02-07,58097
2013-02-08,58302
2013-02-10,58302
2013-02-11,58302
2013-02-12,57800
2013-02-13,57899
2013-02-14,57800
2013-02-15,57503
2013-02-17,57001
2013-02-18,57199
2013-02-19,57199
2013-02-20,57001
2013-02-21,55700
2013-02-22,56301
2013-02-24,56301
2013-02-25,56097
2013-02-26,56301
2013-02-27,56803
2013-02-28,56301
2013-03-01,56301
2013-03-03,56499
2013-03-04,56599
2013-03-05,56599
2013-03-06,56599
2013-03-07,56698
2013-03-08,56499
2013-03-10,56499
2013-03-11,56499
2013-03-12,56499
2013-03-13,56499
2013-03-14,56499
2013-03-15,56499
2013-03-17,56400
2013-03-18,56499
2013-03-19,56599
2013-03-20,57001
2013-03-21,56902
2013-03-22,57001
2013-03-24,56902
2013-03-25,56902
2013-03-27,56803
2013-03-28,56949
2013-03-29,56698
2013-03-31,56698
2013-04-01,56698
2013-04-02,56803
2013-04-03,56004
2013-04-04,55700
2013-04-05,55700
2013-04-07,56499
2013-04-08,56499
2013-04-09,56202
2013-04-10,56453
2013-04-11,55800
2013-04-12,55800
2013-04-15,52499
2013-04-16,49501
2013-04-17,49501
2013-04-18,49501
2013-04-19,50003
2013-04-21,50498
2013-04-22,50802
2013-04-23,51000
2013-04-24,51502
2013-04-25,51997
2013-04-26,53000
2013-04-28,53000
2013-04-29,53000
2013-04-30,52802
2013-05-01,52802
2013-05-02,51997
2013-05-03,52499
2013-05-05,52499
2013-05-06,52300
2013-05-07,52300
2013-05-08,51799
2013-05-09,52300
2013-05-10,52102
2013-05-12,51898
2013-05-13,51601
2013-05-14,51700
2013-05-15,51198
2013-05-16,50003
2013-05-17,49752
2013-05-19,49099
2013-05-20,48696
2013-05-21,50300
2013-05-22,50154
2013-05-23,50248
2013-05-24,51000
2013-05-26,50598
2013-05-27,50802
2013-05-28,50703
2013-05-29,51000
2013-05-30,51198
2013-05-31,52347
2013-06-02,51350
2013-06-03,51601
2013-06-04,52254
2013-06-05,51851
2013-06-06,52050
2013-06-07,52499
2013-06-09,51700
2013-06-10,52149
2013-06-11,53000
2013-06-23,50498
2013-06-24,50399
2013-06-25,50201
2013-06-26,49350
2013-06-27,49501
2013-06-28,48102
2013-06-30,48498
2013-07-01,48498
2013-07-02,49151
2013-07-03,49151
2013-07-04,49501
2013-07-05,49350
2013-07-07,48603
2013-07-08,49099
2013-07-09,49851
2013-07-10,49303
2013-07-11,50399
2013-07-12,50399
2013-07-14,50399
2013-07-15,50901
2013-07-16,50749
2013-07-17,51000
2013-07-18,50848
2013-07-19,51402
2013-07-21,51198
2013-07-22,52201
2013-07-23,52703
2013-07-24,52802
2013-07-25,51799
2013-07-26,52312
2013-07-28,52300
2013-07-29,52300
2013-07-30,52598
2013-07-31,53898
2013-08-01,53047
2013-08-02,52050
2013-08-04,53298
2013-08-05,53298
2013-08-06,52802
2013-08-07,52300
2013-08-08,52703
2013-08-09,53000
2013-08-11,53099
2013-08-12,53549
2013-08-13,54301
2013-08-14,53852
2013-08-15,54499
2013-08-16,55852
2013-08-18,55998
2013-08-19,56651
2013-08-20,57298
2013-08-21,57298
2013-08-22,58500
2013-08-23,58401
2013-08-25,58401
2013-08-26,58902
2013-08-27,59899
2013-08-28,63299
2013-08-29,62197
2013-08-30,61200
2013-09-01,60197
2013-09-02,59800
2013-09-03,60302
2013-09-04,61497
2013-09-05,59999
2013-09-06,59299
2013-09-08,59299
2013-09-09,59299
2013-09-10,58097
2013-09-11,57503
2013-09-12,56803
2013-09-13,55800
2013-09-15,55800
2013-09-16,55100
2013-09-17,55100
2013-09-18,54301
2013-09-19,55800
2013-09-20,55800
2013-09-22,55001
2013-09-23,55001
2013-09-24,55100
2013-09-25,55100
2013-09-26,55100
2013-09-27,55001
2013-09-29,55502
2013-09-30,55502
2013-10-01,55001
2013-10-02,53998
2013-10-03,54103
2013-10-04,55001
2013-10-06,55001
2013-10-07,55298
2013-10-08,55800
2013-10-09,55899
2013-10-10,55601
2013-10-17,54499
2013-10-18,55001
2013-10-20,55298
2013-10-21,55502
2013-10-22,55502
2013-10-23,56103
2013-10-24,56103
2013-10-25,56599
2013-10-27,56803
2013-10-28,56902
2013-10-29,57199
2013-10-30,56599
2013-10-31,56400
2013-11-01,56400
2013-11-06,55998
2013-11-07,56202
2013-11-08,55998
2013-11-10,55397
2013-11-11,55397
2013-11-12,55502
2013-11-13,55502
2013-11-14,55502
2013-11-15,55601
2013-11-17,55601
2013-11-18,55601
2013-11-21,54003
2013-11-22,54003
2013-11-24,54003
2013-11-25,53502
2013-11-26,53799
2013-11-27,53502
2013-11-28,53403
2013-11-29,53403
2013-12-01,53998
2013-12-02,53700
2013-12-03,52697
2013-12-04,52697
2013-12-05,52901
2013-12-06,52499
2013-12-08,52499
2013-12-09,52102
2013-12-10,52598
2013-12-11,53397
2013-12-12,53397
2013-12-13,52802
2013-12-15,53298
2013-12-16,53099
2013-12-17,53199
2013-12-18,52802
2013-12-19,52802
2013-12-20,51997
2013-12-22,51997
2013-12-23,51799
2013-12-24,51700
2013-12-25,51799
2013-12-26,51799
2013-12-27,52102
2013-12-29,51997
2013-12-30,51997
2013-12-31,51601
2014-01-01,51601
2014-01-02,52347
2014-01-03,53000
2014-01-05,53199
2014-01-06,53397
2014-01-07,53397
2014-01-08,53000
2014-01-09,53000
2014-01-10,53000
2014-01-12,53397
2014-01-13,53199
2014-01-14,53199
2014-01-16,52901
2014-01-17,52901
2014-01-19,53397
2014-01-20,53397
2014-01-21,53298
2014-01-22,53251
2014-01-23,53000
2014-01-24,53998
2014-01-26,54802
2014-01-27,54902
2014-01-28,54697
2014-01-29,53799
2014-01-30,54598
2014-01-31,53998
2014-02-02,53998
2014-02-03,53799
2014-02-04,54301
2014-02-05,53998
2014-02-06,54103
2014-02-07,54202
2014-02-09,54400
2014-02-10,54400
2014-02-11,55001
2014-02-12,55001
2014-02-13,55199
2014-02-14,55800
2014-02-16,55998
2014-02-17,56202
2014-02-18,56202
2014-02-19,56202
2014-02-20,56097
2014-02-21,56097
2014-02-23,56400
2014-02-24,56301
2014-02-25,56599
2014-02-26,56599
2014-02-28,56499
2014-03-02,56301
2014-03-03,56698
2014-03-04,57199
2014-03-05,56599
2014-03-06,56301
2014-03-07,56400
2014-03-09,56202
2014-03-10,55998
2014-03-11,55899
2014-03-12,56651
2014-03-13,57100
2014-03-14,57503
2014-03-17,57503
2014-03-18,56698
2014-03-19,56599
2014-03-20,55998
2014-03-21,55800
2014-03-23,55800
2014-03-24,55397
2014-03-25,54750
2014-03-26,54499
2014-03-27,54202
2014-03-28,53700
2014-03-30,53700
2014-03-31,53700
2014-04-01,53298
2014-04-02,53099
2014-04-03,53601
2014-04-04,53601
2014-04-06,54103
2014-04-07,53898
2014-04-08,53898
2014-04-09,54103
2014-04-10,54301
2014-04-11,54499
2014-04-13,54499
2014-04-15,54598
2014-04-16,53998
2014-04-17,54103
2014-04-18,54103
2014-04-20,54103
2014-04-21,53601
2014-04-22,53898
2014-04-23,54103
2014-04-24,54103
2014-04-25,54301
2014-04-27,54499
2014-04-28,54499
2014-04-29,54103
2014-04-30,53998
2014-05-01,53700
2014-05-02,53502
2014-05-04,53998
2014-05-05,54103
2014-05-06,54301
2014-05-07,54301
2014-05-08,53502
2014-05-09,53502
2014-05-11,53502
2014-05-12,53199
2014-05-13,53403
2014-05-15,53502
2014-05-16,52703
2014-05-18,52703
2014-05-19,52499
2014-05-20,52499
2014-05-21,52703
2014-05-22,52499
2014-05-23,52499
2014-05-25,52248
2014-05-26,52201
2014-05-27,52499
2014-05-28,51700
2014-05-29,51402
2014-05-30,51402
2014-06-01,51152
2014-06-02,51000
2014-06-03,51000
2014-06-04,51099
2014-06-05,51000
2014-06-06,51297
2014-06-08,51297
2014-06-09,51099
2014-06-10,51297
2014-06-11,51601
2014-06-12,51502
2014-06-13,51997
2014-06-15,52300
2014-06-16,52598
2014-06-17,52400
2014-06-18,52400
2014-06-19,52598
2014-06-20,53998
2014-06-22,53998
2014-06-23,53998
2014-06-24,53898
2014-06-25,53998
2014-06-26,53998
2014-06-27,53998
2014-06-29,53998
2014-06-30,53799
2014-07-01,54202
2014-07-02,53998
2014-07-03,53601
2014-07-04,53601
2014-07-06,53601
2014-07-07,53601
2014-07-08,53601
2014-07-09,53601
2014-07-10,53601
2014-07-11,54400
2014-07-13,54400
2014-07-14,53998
2014-07-15,53298
2014-07-16,52954
2014-07-17,53298
2014-07-18,53747
2014-07-20,53601
2014-07-21,53601
2014-07-22,53502
2014-07-23,53403
2014-07-24,53199
2014-07-25,53000
2014-07-27,53502
2014-07-28,53397
2014-07-29,53397
2014-07-30,53397
2014-07-31,53397
2014-08-01,53397
2014-08-03,53998
2014-08-04,53998
2014-08-05,53799
2014-08-06,54301
2014-08-07,54750
2014-08-08,55298
2014-08-10,55001
2014-08-11,55001
2014-08-12,54598
2014-08-13,54849
2014-08-14,54849
2014-08-15,54598
2014-08-17,54598
2014-08-18,54301
2014-08-19,54202
2014-08-20,53998
2014-08-21,53601
2014-08-22,53199
2014-08-24,53199
2014-08-25,53099
2014-08-26,53298
2014-08-27,53298
2014-08-28,53397
2014-08-29,53601
2014-08-31,53601
2014-09-01,53502
2014-09-02,53397
2014-09-03,52802
2014-09-04,52901
2014-09-05,52598
2014-09-07,52802
2014-09-08,52802
2014-09-09,52300
2014-09-10,52598
2014-09-11,52400
2014-09-12,51997
2014-09-14,51700
2014-09-15,51951
2014-09-16,52050
2014-09-17,51997
2014-09-18,51548
2014-09-19,51350
2014-09-21,51099
2014-09-22,51000
2014-09-23,51198
2014-09-24,51502
2014-09-25,51297
2014-09-26,51799
2014-09-28,51799
2014-09-29,51601
2014-09-30,51601
2014-10-08,51502
2014-10-09,51700
2014-10-10,51700
2014-10-12,51700
2014-10-13,51997
2014-10-14,51997
2014-10-15,51997
2014-10-16,52598
2014-10-17,52598
2014-10-19,52598
2014-10-20,52400
2014-10-21,52796
2014-10-22,52697
2014-10-26,51997
2014-10-27,51997
2014-10-28,51601
2014-10-29,51601
2014-10-30,51198
2014-10-31,50498
2014-11-02,50003
2014-11-03,49799
2014-11-04,49699
2014-11-05,49600
2014-11-06,49099
2014-11-07,49000
2014-11-09,50498
2014-11-10,50300
2014-11-11,49501
2014-11-12,50003
2014-11-13,50003
2014-11-14,49799
2014-11-16,51000
2014-11-17,50901
2014-11-18,50802
2014-11-19,50901
2014-11-20,50901
2014-11-21,51099
2014-11-23,51297
2014-11-24,51198
2014-11-25,51198
2014-11-26,51198
2014-11-27,51000
2014-11-28,50802
2014-11-30,50300
2014-12-01,49799
2014-12-02,51502
2014-12-03,51297
2014-12-04,51502
2014-12-05,51350
2014-12-07,51000
2014-12-08,51000
2014-12-09,51099
2014-12-10,52300
2014-12-11,52598
2014-12-12,52499
2014-12-14,52300
2014-12-15,52201
2014-12-16,52102
2014-12-17,52400
2014-12-18,51997
2014-12-19,51997
2014-12-21,51997
2014-12-22,51997
2014-12-23,51402
2014-12-24,51402
2014-12-25,51297
2014-12-26,51700
2014-12-28,51997
2014-12-29,51997
2014-12-30,51898
2014-12-31,52102
2015-01-01,51502
2015-01-02,51601
2015-01-04,51601
2015-01-05,51799
2015-01-06,52400
2015-01-07,52697
2015-01-08,52201
2015-01-09,51799
2015-01-11,52201
2015-01-12,52201
2015-01-13,52499
2015-01-14,52300
2015-01-15,52201
2015-01-16,53298
2015-01-18,53799
2015-01-19,53601
2015-01-20,53601
2015-01-21,54400
2015-01-22,53998
2015-01-23,53998
2015-01-25,53998
2015-01-26,53998
2015-01-27,53601
2015-01-28,53998
2015-01-29,53799
2015-01-30,53502
2015-02-01,54097
2015-02-02,53998
2015-02-03,53700
2015-02-04,53502
2015-02-05,53898
2015-02-06,53700
2015-02-08,52499
2015-02-09,52802
2015-02-10,52901
2015-02-11,53000
2015-02-12,52499
2015-02-13,52499
2015-02-15,52499
2015-02-16,52697
2015-02-17,52697
2015-02-18,51997
2015-02-19,52201
2015-02-20,51997
2015-02-22,51997
2015-02-23,51799
2015-02-24,51700
2015-02-25,51700
2015-02-26,51700
2015-02-27,51601
2015-03-01,51700
2015-03-02,51997
2015-03-03,51799
2015-03-04,51601
2015-03-06,51601
2015-03-08,50498
2015-03-09,50802
2015-03-10,50498
2015-03-11,50498
2015-03-12,50102
2015-03-13,50300
2015-03-15,50498
2015-03-16,50498
2015-03-17,50248
2015-03-18,50102
2015-03-19,50703
2015-03-20,50703
2015-03-22,51000
2015-03-23,50947
2015-03-24,51000
2015-03-25,51198
2015-03-26,51799
2015-03-27,51898
2015-03-29,51601
2015-03-30,51601
2015-03-31,51099
2015-04-01,51251
2015-04-02,51601
2015-04-03,51601
2015-04-05,51601
2015-04-06,52102
2015-04-07,52102
2015-04-08,51997
2015-04-09,51502
2015-04-10,51502
2015-04-12,51799
2015-04-13,51799
2015-04-15,51449
2015-04-16,51647
2015-04-17,51601
2015-04-19,51601
2015-04-20,51799
2015-04-21,51898
2015-04-22,51898
2015-04-23,51601
2015-04-24,51997
2015-04-30,52499
2015-05-01,51997
2015-05-03,51799
2015-05-05,51898
2015-05-06,52201
2015-05-07,51997
2015-05-08,51997
2015-05-10,51997
2015-05-11,51997
2015-05-12,52102
2015-05-13,52300
2015-05-14,53000
2015-05-15,53000
2015-05-17,53000
2015-05-18,53000
2015-05-19,53000
2015-05-20,52697
2015-05-21,52697
2015-05-22,52598
2015-05-24,52499
2015-05-25,52400
2015-05-26,52499
2015-05-27,52300
2015-05-28,51997
2015-05-29,51997
2015-05-31,51997
2015-06-01,51898
2015-06-02,51898
2015-06-03,52102
2015-06-04,52102
2015-06-05,51700
2015-06-07,51402
2015-06-08,51601
2015-06-09,51601
2015-06-10,51700
2015-06-11,51898
2015-06-12,51898
2015-06-14,51898
2015-06-15,51898
2015-06-16,51997
2015-06-17,51898
2015-06-18,51997
2015-06-19,52300
2015-06-21,52201
2015-06-22,52201
2015-06-23,51799
2015-06-24,51502
2015-06-25,51502
2015-06-26,51402
2015-06-28,51402
2015-06-29,51700
2015-06-30,51402
2015-07-01,51402
2015-07-02,51099
2015-07-03,51000
2015-07-05,50901
2015-07-06,51000
2015-07-07,50802
2015-07-08,50498
2015-07-09,50498
2015-07-10,50498
2015-07-12,50703
2015-07-13,50703
2015-07-14,50498
2015-07-15,50498
2015-07-16,50201
2015-07-17,49501
2015-07-19,49501
2015-07-22,48002
2015-07-23,48002
2015-07-24,47198
2015-07-26,48002
2015-07-27,48002
2015-07-28,48002
2015-07-29,48002
2015-07-30,48002
2015-07-31,48002
2015-08-02,48002
2015-08-03,47798
2015-08-04,47501
2015-08-05,47501
2015-08-06,47501
2015-08-07,47501
2015-08-09,47699
2015-08-10,47699
2015-08-11,48201
2015-08-12,48900
2015-08-13,49297
2015-08-14,49297
2015-08-16,49297
2015-08-17,49297
2015-08-18,49699
2015-08-19,49699
2015-08-20,50201
2015-08-21,51601
2015-08-23,51601
2015-08-24,51898
2015-08-25,51799
2015-08-26,51000
2015-08-27,50498
2015-08-28,50598
2015-08-30,50703
2015-08-31,50848
2015-09-01,51052
2015-09-02,50802
2015-09-03,50551
2015-09-04,50399
2015-09-06,50399
2015-09-07,50498
2015-09-08,50399
2015-09-09,50399
2015-09-10,49799
2015-09-11,49898
2015-09-13,49898
2015-09-14,49752
2015-09-15,49752
2015-09-16,49699
2015-09-17,50149
2015-09-18,50300
2015-09-22,50201
2015-09-23,50201
2015-09-24,50598
2015-09-25,51000
2015-09-27,51000
2015-09-28,51000
2015-09-29,50703
2015-09-30,50003
2015-10-01,49501
2015-10-02,49501
2015-10-04,50300
2015-10-05,50102
2015-10-06,50102
2015-10-07,50598
2015-10-08,50201
2015-10-09,50201
2015-10-11,50498
2015-10-12,50598
2015-10-13,50598
2015-10-14,51402
2015-10-15,51601
2015-10-16,51502
2015-10-18,51402
2015-10-19,51198
2015-10-25,51000
2015-10-26,51000
2015-10-27,51000
2015-10-28,51198
2015-10-29,51000
2015-10-30,50598
2015-11-01,50498
2015-11-02,50498
2015-11-03,50347
2015-11-04,50003
2015-11-05,49501
2015-11-06,49402
2015-11-08,49000
2015-11-09,49099
2015-11-10,49099
2015-11-15,48702
2015-11-16,49000
2015-11-17,48498
2015-11-18,48002
2015-11-19,48300
2015-11-20,48498
2015-11-22,48498
2015-11-23,48201
2015-11-24,48300
2015-11-25,48551
2015-11-26,48399
2015-11-27,48399
2015-11-29,48201
2015-11-30,48002
2015-12-01,48399
2015-12-02,48300
2015-12-03,48002
2015-12-04,48300
2015-12-06,49099
2015-12-07,49000
2015-12-08,48597
2015-12-09,48801
2015-12-10,48801
2015-12-11,48399
2015-12-13,48801
2015-12-14,48900
2015-12-15,48498
2015-12-16,48399
2015-12-17,48399
2015-12-18,47699
2015-12-20,48002
2015-12-21,48102
2015-12-22,48498
2015-12-23,48300
2015-12-24,48201
2015-12-25,48300
2015-12-27,48300
2015-12-28,48300
2015-12-29,48300
2015-12-30,48300
2015-12-31,48002
2016-01-01,48002
2016-01-03,47798
2016-01-04,48002
2016-01-05,48498
2016-01-06,48900
2016-01-07,49699
2016-01-08,49799
2016-01-10,49799
2016-01-11,49898
2016-01-12,49699
2016-01-13,49099
2016-01-14,49699
2016-01-15,49699
2016-01-17,49898
2016-01-18,49898
2016-01-19,49898
2016-01-20,50149
2016-01-21,50498
2016-01-22,50399
2016-01-24,50201
2016-01-25,50300
2016-01-26,50901
2016-01-27,51297
2016-01-28,51502
2016-01-29,51297
2016-01-31,51198
2016-02-01,51198
2016-02-02,51502
2016-02-03,51700
2016-02-04,51997
2016-02-05,52499
2016-02-07,53298
2016-02-08,53000
2016-02-09,53998
2016-02-10,53998
2016-02-11,54499
2016-02-12,55502
2016-02-14,55502
2016-02-15,55397
2016-02-16,54598
2016-02-17,55001
2016-02-18,55001
2016-02-19,55502
2016-02-21,55502
2016-02-22,55502
2016-02-23,55700
2016-02-24,55998
2016-03-09,56301
2016-03-10,55998
2016-03-11,56499
2016-03-13,55998
2016-03-14,55998
2016-03-17,55800
2016-03-18,55800
2016-03-20,55502
2016-03-21,55502
2016-03-22,55502
2016-03-24,54499
2016-03-25,54400
2016-03-27,54400
2016-03-28,54196
2016-03-30,54499
2016-03-31,53998
2016-04-01,53998
2016-04-03,53998
2016-04-04,53799
2016-04-05,53799
2016-04-06,54103
2016-04-07,54103
2016-04-08,54499
2016-04-10,54499
2016-04-11,55001
2016-04-12,55199
2016-04-26,55100
2016-04-27,55199
2016-04-28,55298
2016-04-29,56499
2016-05-01,57001
2016-05-02,56698
2016-05-03,56698
2016-05-04,56499
2016-05-05,56499
2016-05-06,56400
2016-05-08,56599
2016-05-09,56499
2016-05-10,55899
2016-05-11,56202
2016-05-12,56202
2016-05-13,56202
2016-06-16,56301
2016-06-17,56301
2016-06-18,56301
2016-06-19,56301
2016-06-20,55998
2016-06-21,55998
2016-06-23,55998
2016-06-24,55998
2016-06-25,55800
2016-06-26,55100
2016-06-27,55001
2016-06-28,54400
2016-06-30,54202
2016-07-01,53998
2016-07-02,54301
2016-07-03,54301
2016-07-04,54499
2016-07-05,54301
2016-07-07,55298
2016-07-08,55199
2016-07-09,55199
2016-07-10,55199
2016-07-11,55601
2016-07-12,55899
2016-07-14,56097
2016-07-15,56301
2016-07-16,56599
2016-07-17,57001
2016-07-18,56599
2016-07-20,57001
2016-07-21,56797
2016-07-22,58500
2016-07-23,58500
2016-07-24,58401
2016-07-25,58202
2016-07-26,58401
2016-07-27,58401
2016-07-28,58902
2016-07-29,58902
2016-07-31,59001
2016-08-01,59001
2016-08-02,59001
2016-08-03,59497
2016-08-04,59200
2016-08-05,59497
2016-08-07,58902
2016-08-08,58902
2016-08-09,58902
2016-08-10,59200
2016-08-11,59200
2016-08-12,58902
2016-08-14,58902
2016-08-15,58902
2016-08-16,59299
2016-08-17,59299
2016-08-18,59299
2016-08-19,59299
2016-08-21,59299
2016-08-22,59001
2016-08-23,59001
2016-08-24,59100
2016-08-25,58698
2016-08-26,58599
2016-08-28,58500
2016-08-29,58500
2016-08-30,58698
2016-08-31,58401
2016-09-01,58097
2016-09-02,58197
2016-09-04,58599
2016-09-05,58599
2016-09-06,58500
2016-09-07,59100
2016-09-08,59100
2016-09-09,58902
2016-09-11,58698
2016-09-12,58698
2016-09-13,58797
2016-09-14,58500
2016-09-15,58500
2016-09-16,58202
2016-09-18,58097
2016-09-19,58302
2016-09-20,58401
2016-09-21,58401
2016-09-22,58902
2016-09-23,58902
2016-09-24,58902
2016-09-25,59001
2016-09-26,58902
2016-09-27,58698
2016-09-28,58302
2016-09-29,58302
2016-09-30,58302
2016-10-02,58097
2016-10-03,57899
2016-10-04,57800
2016-10-05,56698
2016-10-06,56301
2016-10-07,55998
2016-10-14,55998
2016-10-16,55998
2016-10-17,55998
2016-10-18,56097
2016-10-19,56202
2016-10-20,56599
2016-10-21,56499
2016-10-23,56499
2016-10-24,56499
2016-10-25,56499
2016-10-26,56797
2016-10-27,56499
2016-10-28,56698
2016-11-02,57298
2016-11-03,57701
2016-11-04,57497
2016-11-06,57701
2016-11-07,57298
2016-11-08,56902
2016-11-09,58202
2016-11-10,56797
2016-11-11,56400
2016-11-14,55001
2016-11-15,55502
2016-11-16,55601
2016-11-17,55601
2016-11-18,55001
2016-11-19,51997
2016-11-20,55001
2016-11-21,55100
2016-11-22,55397
2016-11-23,55397
2016-11-24,54598
2016-11-25,54202
2016-11-27,54499
2016-11-28,54697
2016-11-29,54802
2016-11-30,54598
2016-12-01,53998
2016-12-02,53998
2016-12-04,53998
2016-12-05,53799
2016-12-06,53700
2016-12-07,53298
2016-12-08,53403
2016-12-09,53000
2016-12-11,52598
2016-12-12,52598
2016-12-13,52697
2016-12-14,52598
2016-12-15,52102
2016-12-16,51700
2016-12-18,51898
2016-12-19,51997
2016-12-20,51997
2016-12-21,51997
2016-12-22,51799
2016-12-23,51799
2016-12-25,51997
2016-12-26,51997
2016-12-27,51997
2016-12-28,52400
2016-12-29,52697
2016-12-30,53000
2017-01-01,52697
2017-01-02,52697
2017-01-03,52901
2017-01-04,53199
2017-01-05,53502
2017-01-06,53700
2017-01-08,53700
2017-01-09,53799
2017-01-10,54103
2017-01-11,54301
2017-01-12,54598
2017-01-13,54598
2017-01-15,54697
2017-04-16,55700
2017-04-17,55700
2017-04-18,55600
2017-04-19,55700
2017-04-20,55600
2017-04-21,55500
2017-04-23,55500
2017-04-24,55300
2017-04-25,55100
2017-04-26,54700
2017-04-27,54600
2017-04-28,54700
2017-04-30,54900
2017-05-01,54700
2017-05-02,54400
2017-05-03,54300
2017-05-04,53800
2017-05-05,53500
2017-05-07,53500
2017-05-08,53500
2017-05-09,53500
2017-05-11,53300
2017-05-12,53300
2017-05-15,53300
2017-05-16,53500
2017-05-17,53700
2017-05-18,54700
2017-05-19,54500
2017-05-21,54600
2017-05-22,54500
2017-05-23,55000
2017-05-24,54700
2017-05-25,54700
2017-05-26,54700
2017-05-28,54800
2017-05-29,54800
2017-05-30,55000
2017-05-31,54700
2017-06-01,54900
2017-06-02,54600
2017-06-04,55200
2017-06-05,55200
2017-06-06,55300
2017-06-07,55600
2017-06-08,55400
2017-06-09,55000
2017-06-11,54800
2017-06-12,54800
2017-06-13,54800
2017-06-14,54800
2017-06-15,54700
2017-06-16,54500
2017-06-18,54500
2017-06-19,54400
2017-06-20,54100
2017-06-21,54200
2017-06-22,54400
2017-06-23,54400
2017-06-25,54500
2017-06-26,54500
2017-06-27,54100
2017-06-28,54400
2017-06-29,54300
2017-06-30,54300
2017-07-02,54100
2017-07-03,54000
2017-07-04,53500
2017-07-05,53600
2017-07-06,53600
2017-07-07,53500
2017-07-09,53000
2017-07-10,52800
2017-07-11,52800
2017-07-12,53200
2017-07-13,53300
2017-07-14,53000
2017-07-16,53500
2017-07-17,53500
2017-07-18,53700
2017-07-19,53800
2017-07-20,53700
2017-07-21,54000
2017-07-23,54400
2017-07-24,54400
2017-07-25,54400
2017-07-26,54100
2017-07-27,54500
2017-07-28,54400
2017-07-30,54800
2017-07-31,54700
2017-08-01,54800
2017-08-02,54600
2017-08-03,54200
2017-08-04,54400
2017-08-06,54000
2017-08-07,54000
2017-08-08,54100
2017-08-09,54400
2017-08-10,54900
2017-08-11,55400
2017-08-12,55400
2017-08-13,55500
2017-08-14,55400
2017-08-15,55000
2017-08-16,55000
2017-08-17,55500
2017-08-18,55500
2017-08-21,55300
2017-08-22,55500
2017-08-23,55400
2017-08-24,55400
2017-08-25,55400
2017-08-27,55500
2017-08-28,55500
2017-08-29,56500
2017-08-30,56300
2017-08-31,56000
2017-09-01,56500
2017-09-03,56800
2017-09-04,57000
2017-09-05,57300
2017-09-06,57500
2017-09-07,57200
2017-09-08,57800
2017-09-10,57500
2017-09-11,57200
2017-09-12,56900
2017-09-13,57100
2017-09-14,56800
2017-09-15,57100
2017-09-17,56700
2017-09-18,56500
2017-09-19,56300
2017-09-20,56500
2017-09-21,56200
2017-09-22,56500
2017-09-24,56400
2017-09-25,56300
2017-09-26,57000
2017-10-03,56000
2017-10-04,56000
2017-10-05,56000
2017-10-06,55600
2017-10-08,56000
2017-10-09,56200
2017-10-10,56400
2017-10-11,56400
2017-10-12,56500
2017-10-13,56500
2017-10-15,56700
2017-10-16,56600
2017-10-17,56500
2017-10-18,56300
2017-10-22,56000
2017-10-23,55800
2017-10-24,55900
2017-10-25,55700
2017-10-26,55700
2017-10-27,55500
2017-10-29,55700
2017-10-30,55500
2017-10-31,55500
2017-11-01,55200
2017-11-02,55500
2017-11-03,55400
2017-11-05,55300
2017-11-06,55300
2017-11-07,55600
2017-11-08,55900
2017-11-09,56000
2017-11-10,56100
2017-11-12,55900
2017-11-13,56000
2017-11-14,56000
2017-11-15,56200
2017-11-16,56100
2017-11-17,55900
2017-11-19,56400
2017-11-20,56400
2017-11-21,56000
2017-11-22,55800
2017-11-23,56200
2017-11-24,56100
2017-11-26,56000
2017-11-27,56100
2017-11-28,56100
2017-11-29,56000
2017-11-30,55700
2017-12-01,55400
2017-12-03,55500
2017-12-04,55300
2017-12-05,55200
2017-12-06,55000
2017-12-07,55000
2017-12-08,54500
2017-12-10,54500
2017-12-11,54300
2017-12-12,54100
2017-12-13,54100
2017-12-14,54500
2017-12-15,54300
2017-12-17,54300
2017-12-18,54300
2017-12-19,54600
2017-12-20,54600
2017-12-21,54700
2017-12-22,54600
2017-12-24,54900
2017-12-25,54900
2017-12-26,55000
2017-12-27,55300
2017-12-28,55600
2017-12-29,55700
2017-12-31,55900
2018-01-01,55900
2018-01-02,55900
2018-01-03,56000
2018-01-04,55800
2018-01-05,56200
2018-01-07,56200
2018-01-08,56100
2018-01-09,56200
2018-01-10,56000
2018-01-11,56400
2018-01-12,56600
2018-01-14,57000
2018-01-15,57000
2018-01-16,57200
2018-01-17,57200
2018-01-18,56800
2018-01-19,56800
2018-01-21,56800
2018-01-22,57000
2018-01-23,57000
2018-01-24,57200
2018-01-25,57800
2018-01-26,57400
2018-01-28,57400
2018-01-29,57400
2018-01-30,57000
2018-01-31,57200
2018-02-01,57300
2018-02-02,57800
2018-02-04,57200
2018-02-05,57200
2018-02-06,57800
2018-02-07,57100
2018-02-08,56600
2018-02-09,56800
2018-02-11,56800
2018-02-12,57000
2018-02-13,57000
2018-02-14,57400
2018-02-15,57900
2018-02-16,58000
2018-02-18,57900
2018-02-19,58000
2018-02-20,57800
2018-02-21,57600
2018-02-22,57600
2018-02-23,57600
2018-02-25,57600
2018-02-26,57800
2018-02-27,57800
2018-02-28,57400
2018-03-02,57500
2018-03-04,57700
2018-03-05,57700
2018-03-06,57600
2018-03-07,58000
2018-03-08,57700
2018-03-09,57400
2018-03-11,57700
2018-03-12,57600
2018-03-13,57500
2018-03-14,57800
2018-03-15,57700
2018-03-16,57300
2018-03-18,57300
2018-03-19,57200
2018-03-20,57500
2018-03-21,57400
2018-03-22,57900
2018-03-23,58300
2018-03-25,58500
2018-03-26,58500
2018-03-27,58500
2018-03-28,58300
2018-03-29,58000
2018-03-30,57800
2018-04-01,57800
2018-04-02,57900
2018-04-03,58200
2018-04-04,58000
2018-04-05,57800
2018-04-06,57900
2018-04-09,57900
2018-04-10,57900
2018-04-11,58400
2018-04-12,58900
2018-04-13,58500
2018-04-15,58600
2018-04-16,58800
2018-04-17,58800
2018-04-18,59000
2018-04-19,59300
2018-04-20,59200
2018-04-22,59000
2018-04-23,59000
2018-04-24,58800
2018-04-25,59000
2018-04-26,59000
2018-04-27,58700
2018-04-29,58900
2018-05-01,58500
2018-05-02,58500
2018-05-03,58300
2018-05-04,58500
2018-05-06,58700
2018-05-07,59000
2018-05-08,59000
2018-05-09,59000
2018-05-10,59100
2018-05-11,59200
2018-05-13,59300
2018-05-14,59200
2018-05-15,59200
2018-05-16,58700
2018-05-17,58400
2018-05-18,58400
2018-05-20,58700
2018-05-21,58600
2018-05-22,58600
2018-05-23,58900
2018-05-24,59000
2018-05-25,59200
2018-05-27,58900
2018-05-28,58700
2018-05-29,58700
2018-05-30,58800
2018-05-31,58600
2018-06-01,58400
2018-06-03,58000
2018-06-04,58000
2018-06-05,58000
2018-06-06,58100
2018-06-07,58200
2018-06-08,58400
2018-06-10,58600
2018-06-11,58500
2018-06-12,58500
2018-06-13,58500
2018-06-14,58600
2018-06-15,59000
2018-06-17,58500
2018-06-18,58300
2018-06-19,58400
2018-06-20,58000
2018-06-21,57700
2018-06-22,57700
2018-06-24,57700
2018-06-25,57700
2018-06-26,57700
2018-06-27,57600
2018-06-28,57800
2018-06-29,57500
2018-07-01,57500
2018-07-02,57300
2018-07-03,57200
2018-07-04,57600
2018-07-05,57800
2018-07-06,57800
2018-07-08,57800
2018-07-09,57800
2018-07-10,57900
2018-07-11,57600
2018-07-12,57200
2018-07-13,57200
2018-07-15,57000
2018-07-16,57100
2018-07-17,57000
2018-07-18,56500
2018-07-19,56500
2018-07-20,56500
2018-07-22,56800
2018-07-23,56800
2018-07-24,56600
2018-07-25,56600
2018-07-26,56700
2018-07-27,56500
2018-07-29,56500
2018-07-30,56400
2018-07-31,56300
2018-08-01,56300
2018-08-02,56000
2018-08-03,56000
2018-08-05,56000
2018-08-06,56100
2018-08-07,56100
2018-08-08,56100
2018-08-09,56100
2018-08-10,56200
2018-08-12,56200
2018-08-13,56400
2018-08-14,56100
2018-08-15,56000
2018-08-16,55600
2018-08-17,55600
2018-08-19,55800
2018-08-20,55800
2018-08-21,55800
2018-08-22,56100
2018-08-23,56000
2018-08-24,56000
2018-08-26,56600
2018-08-27,56600
2018-08-28,56800
2018-08-29,56800
2018-08-30,57000
2018-08-31,57300
2018-09-02,57300
2018-09-03,57000
2018-09-04,57200
2018-09-05,57200
2018-09-06,57600
2018-09-07,57800
2018-09-09,57800
2018-09-10,57800
2018-09-11,57900
2018-09-12,58200
2018-09-13,58200
2018-09-14,58000
2018-09-16,57600
2018-09-17,58000
2018-09-18,58000
2018-09-19,58400
2018-09-20,58400
2018-09-21,58100
2018-09-23,58100
2018-09-24,58100
2018-09-25,58400
2018-09-26,58400
2018-09-27,58100
2018-09-28,57700
2018-09-30,57800
2018-10-01,57800
2018-10-02,58100
2018-10-03,59000
2018-10-04,58900
2018-10-05,58900
2018-10-07,59200
2018-10-08,59000
2018-10-09,58900
2018-10-10,59000
2018-10-11,59300
2018-10-12,60000
2018-10-14,59800
2018-10-15,60000
2018-10-22,60000
2018-10-23,60000
2018-10-24,60100
2018-10-25,60400
2018-10-26,60200
2018-10-28,60200
2018-10-29,60300
2018-10-30,60200
2018-10-31,60000
2018-11-01,59900
2018-11-02,60000
2018-11-04,60000
2018-11-05,60000
2018-11-06,60000
2018-11-11,59000
2018-11-12,58900
2018-11-13,58500
2018-11-14,58200
2018-11-15,58400
2018-11-16,58400
2018-11-18,58700
2018-11-19,58700
2018-11-20,58300
2018-11-21,58300
2018-11-22,58400
2018-11-23,58100
2018-11-25,58000
2018-11-26,57700
2018-11-27,58000
2018-11-28,57600
2018-11-29,57500
2018-11-30,57200
2018-12-02,57200
2018-12-03,57400
2018-12-04,58300
2018-12-05,58400
2018-12-06,58700
2018-12-07,58500
2018-12-09,59000
2018-12-10,59400
2018-12-11,60000
2018-12-12,59800
2018-12-13,59500
2018-12-14,59500
2018-12-16,59500
2018-12-17,59300
2018-12-18,59400
2018-12-19,58800
2018-12-20,58800
2018-12-21,58800
2018-12-23,58800
2018-12-24,59200
2018-12-25,59400
2018-12-26,59400
2018-12-27,59500
2018-12-28,59700
2018-12-30,59700
2018-12-31,59700
2019-01-01,59700
2019-01-02,59600
2019-01-03,60400
2019-01-04,60300
2019-01-06,59800
2019-01-07,59800
2019-01-08,59900
2019-01-09,60100
2019-01-10,60700
2019-01-11,60700
2019-01-13,60500
2019-01-14,60600
2019-01-15,61000
2019-01-16,61000
2019-01-17,61000
2019-01-18,61000
2019-01-20,60800
2019-01-21,60900
2019-01-22,60700
2019-01-23,60900
2019-01-24,60900
2019-01-25,60600
2019-01-27,61200
2019-01-28,61400
2019-01-29,61500
2019-01-30,62200
2019-01-31,62200
2019-02-01,62300
2019-02-03,62300
2019-02-04,62500
2019-02-05,62600
2019-02-06,62400
2019-02-07,62000
2019-02-08,62100
2019-02-10,62100
2019-02-11,62000
2019-02-12,61800
2019-02-13,61600
2019-02-14,61700
2019-02-15,62100
2019-02-17,62500
2019-02-18,62700
2019-02-19,62700
2019-02-20,63300
2019-02-21,63100
2019-02-22,62600
2019-02-24,62600
2019-02-25,62700
2019-02-26,62800
2019-02-27,62600
2019-02-28,62400
2019-03-01,62000
2019-03-03,61500
2019-03-04,61500
2019-03-05,61000
2019-03-06,60700
2019-03-07,60200
2019-03-08,60200
2019-03-10,60500
2019-03-11,60500
2019-03-12,60300
2019-03-13,60600
2019-03-14,60500
2019-03-15,60000
2019-03-17,60000
2019-03-18,59800
2019-03-19,59700
2019-03-21,60200
2019-03-22,60000
2019-03-24,60400
2019-03-25,60600
2019-03-26,60500
2019-03-27,60400
2019-03-28,60300
2019-03-29,59700
2019-03-31,59700
2019-04-01,59700
2019-04-02,59500
2019-04-03,59500
2019-04-04,59400
2019-04-05,59500
2019-04-07,59800
2019-04-08,60000
2019-04-09,60300
2019-04-10,60100
2019-04-11,60200
2019-04-12,59600
2019-04-15,59600
2019-04-16,59600
2019-04-17,59300
2019-04-18,59100
2019-04-19,59100
2019-04-21,59100
2019-04-22,59600
2019-04-23,59300
2019-04-24,59200
2019-04-25,59600
2019-04-26,59800
2019-04-28,59800
2019-04-29,59900
2019-04-30,59700
2019-05-01,59600
2019-05-02,59300
2019-05-03,59000
2019-05-05,59100
2019-05-06,59500
2019-05-07,59500
2019-05-08,59700
2019-05-09,59700
2019-05-10,60000
2019-05-12,60000
2019-05-13,60000
2019-05-14,61000
2019-05-15,60600
2019-05-16,60700
2019-05-17,60200
2019-05-19,60000
2019-05-20,59500
2019-05-21,59500
2019-05-22,59400
2019-05-23,59200
2019-05-24,59700
2019-05-26,59700
2019-05-27,59600
2019-05-28,59600
2019-05-29,59500
2019-05-30,59500
2019-05-31,61000
2019-06-02,61500
2019-06-03,61500
2019-06-04,61700
2019-06-05,62000
2019-06-06,62300
2019-06-07,62300
2019-06-09,62600
2019-06-10,62300
2019-06-11,62300
2019-06-12,62300
2019-06-13,62400
2019-06-14,63000
2019-06-16,63000
2019-06-17,63100
2019-06-18,63000
2019-06-19,63000
2019-06-20,64000
2019-06-21,65000
2019-06-23,65000
2019-06-24,65000
2019-06-25,65500
2019-06-26,65000
2019-06-27,65000
2019-06-28,65000
2019-06-30,65000
2019-07-01,64500
2019-07-02,64500
2019-07-03,65000
2019-07-04,65000
2019-07-05,65000
2019-07-07,64500
2019-07-08,64500
2019-07-09,64500
2019-07-10,64300
2019-07-11,64700
2019-07-12,64500
2019-07-14,64500
2019-07-15,64500
2019-07-16,64500
2019-07-17,64500
2019-07-18,65000
2019-07-19,65500
2019-07-21,65000
2019-07-22,65000
2019-07-23,65000
2019-07-24,65000
2019-07-25,65000
2019-07-26,65000
2019-07-28,65000
2019-07-29,65200
2019-07-30,65200
2019-07-31,65400
2019-08-01,65000
2019-08-02,65800
2019-08-04,66300
2019-08-05,67800
2019-08-06,68000
2019-08-07,69500
2019-08-08,70000
2019-08-09,70000
2019-08-11,70000
2019-08-12,70000
2019-08-13,71000
2019-08-14,70300
2019-08-15,71500
2019-08-16,71500
2019-08-18,71000
2019-08-19,71000
2019-08-20,71000
2019-08-21,71300
2019-08-22,71300
2019-08-23,71300
2019-08-25,72500
2019-08-26,73500
2019-08-27,72600
2019-08-28,72600
2019-08-29,73400
2019-08-30,72400
2019-09-01,72000
2019-09-02,72000
2019-09-03,72500
2019-09-04,73500
2019-09-05,73400
2019-09-06,72000
2019-09-08,71500
2019-09-09,71700
2019-09-10,71000
2019-09-11,71000
2019-09-12,70800
2019-09-13,70600
2019-09-15,70200
2019-09-16,71300
2019-09-17,71300
2019-09-18,71300
2019-09-19,70700
2019-09-20,71000
2019-09-22,71300
2019-09-23,71300
2019-09-24,71400
2019-09-25,72000
2019-09-26,71000
2019-09-27,70800
2019-09-29,70200
2019-09-30,70000
2019-10-01,69200
2019-10-02,69800
2019-10-03,70900
2019-10-04,70900
2019-10-11,70400
2019-10-13,70100
2019-10-14,70000
2019-10-15,70700
2019-10-16,70600
2019-10-17,70600
2019-10-18,70600
2019-10-20,70400
2019-10-21,70400
2019-10-22,70200
2019-10-23,70400
2019-10-24,70400
2019-10-25,71000
2019-10-31,70500
2019-11-01,71200
2019-11-03,71200
2019-11-04,71000
2019-11-05,70800
2019-11-06,70200
2019-11-07,70600
2019-11-08,69900
2019-11-10,71000
2019-11-11,71200
2019-11-12,71200
2019-11-13,71400
2019-11-14,72000
2019-11-15,71800
2019-11-17,71800
2019-11-18,71600
2019-11-19,72000
2019-11-20,72100
2019-11-21,72000
2019-11-22,71700
2019-11-24,71600
2019-11-25,71600
2019-11-26,71200
2019-11-27,71200
2019-11-28,71000
2019-11-29,71300
2019-12-01,71600
2019-12-02,71400
2019-12-03,71400
2019-12-04,72200
2019-12-05,72000
2019-12-06,71700
2019-12-08,71200
2019-12-09,71000
2019-12-10,70800
2019-12-11,70800
2019-12-12,71200
2019-12-13,70800
2019-12-15,71300
2019-12-16,71300
2019-12-17,71500
2019-12-18,71600
2019-12-19,71600
2019-12-20,71600
2019-12-22,71600
2019-12-23,71900
2019-12-24,72200
2019-12-25,72800
2019-12-26,72800
2019-12-27,73300
2019-12-29,73300
2019-12-30,73300
2019-12-31,73500
2020-01-01,73500
2020-01-02,73500
2020-01-03,74500
2020-01-05,75500
2020-01-06,76000
2020-01-07,75500
2020-01-08,76500
2020-01-09,75500
2020-01-10,74600
2020-01-12,75000
2020-01-13,74800
2020-01-14,74000
2020-01-15,74700
2020-01-16,74700
2020-01-17,74800
2020-01-19,75000
2020-01-20,75000
2020-01-21,75300
2020-01-22,74800
2020-01-23,75000
2020-01-24,75200
2020-01-26,75500
2020-01-27,76000
2020-01-28,76000
2020-01-29,75600
2020-01-30,76300
2020-01-31,76000
2020-02-02,76500
2020-02-03,76500
2020-02-04,76000
2020-02-05,75200
2020-02-06,75200
2020-02-07,75600
2020-02-09,76000
2020-02-10,76000
2020-02-11,75900
2020-02-12,75700
2020-02-13,76000
2020-02-14,76000
2020-02-16,76500
2020-02-17,76500
2020-02-18,76700
2020-02-19,77100
2020-02-20,77600
2020-02-21,78100
2020-02-23,78800
2020-02-24,80300
2020-02-25,80000
2020-02-26,79500
2020-02-27,79700
2020-02-28,79200
2020-03-01,78000
2020-03-02,78000
2020-03-03,78300
2020-03-04,80500
2020-03-05,80700
2020-03-06,82500
2020-03-08,82500
2020-03-10,82700
2020-03-11,82300
2020-03-12,81500
2020-03-13,78500
2020-03-15,77000
2020-03-16,77500
2020-03-17,75500
2020-03-18,76500
2020-03-19,75000
2020-03-20,75500
2020-03-22,76500
2020-03-23,77000
2020-06-07,87400
2020-06-08,87500
2020-06-09,87700
2020-06-10,88600
2020-06-11,89600
2020-06-12,89600
2020-06-14,89600
2020-06-15,89700
2020-06-16,89700
2020-06-17,89800
2020-06-18,89800
2020-06-19,89900
2020-06-21,90600
2020-06-22,91000
2020-06-23,90600
2020-06-24,91100
2020-06-25,91100
2020-06-26,90600
2020-06-28,91300
2020-06-29,91300
2020-06-30,91200
2020-07-01,91700
2020-07-02,91000
2020-07-03,90500
2020-07-05,90500
2020-07-06,90200
2020-07-07,90900
2020-07-08,91500
2020-07-09,92400
2020-07-10,92200
2020-07-12,92100
2020-07-13,92300
2020-07-14,92200
2020-07-15,92800
2020-07-16,92700
2020-07-17,92200
2020-07-19,92500
2020-07-20,92300
2020-07-21,92700
2020-07-22,94000
2020-07-23,94500
2020-07-24,95800
2020-07-26,96300
2020-07-27,97500
2020-07-28,98200
2020-07-29,98500
2020-07-30,99000
2020-07-31,99300
2020-08-02,99600
2020-08-03,99600
2020-08-04,99800
2020-08-05,101400
2020-08-06,102500
2020-08-07,103500
2020-08-09,102600
2020-08-10,102400
2020-08-11,101600
2020-08-12,95400
2020-08-13,97800
2020-08-14,98600
2020-08-16,98400
2020-08-17,98200
2020-08-18,100400
2020-08-19,100400
2020-08-20,98800
2020-08-21,98800
2020-08-23,98400
2020-08-24,97900
2020-08-25,97200
2020-08-26,96800
2020-08-27,97600
2020-08-28,96900
2020-08-30,97200
2020-08-31,97500
2020-09-01,98400
2020-09-02,97200
2020-09-03,96500
2020-09-04,96400
2020-09-06,96100
2020-09-07,96100
2020-09-08,95800
2020-09-09,96400
2020-09-10,96800
2020-09-11,96500
2020-09-13,96500
2020-09-14,96900
2020-09-15,97500
2020-09-16,97500
2020-09-17,96600
2020-09-18,97000
2020-09-20,97000
2020-09-21,97200
2020-09-22,95500
2020-09-23,94300
2020-09-24,93100
2020-09-25,93900
2020-09-27,93300
2020-09-28,93300
2020-09-29,94200
2020-09-30,94700
2020-10-01,94500
2020-10-02,94300
2020-10-04,94500
2020-10-05,94100
2020-10-06,94900
2020-10-07,94100
2020-10-08,93900
2020-10-09,94800
2020-10-11,95600
2020-10-12,95600
2020-10-13,95100
2020-10-14,94500
2020-10-15,94500
2020-10-16,94900
2020-10-18,94700
2020-10-19,94700
2020-10-20,94700
2020-10-21,95500
2020-10-22,95700
2020-10-29,94700
2020-10-30,94500
2020-11-01,95000
2020-11-02,95000
2020-11-03,95400
2020-11-04,96300
2020-11-05,96200
2020-11-06,97200
2020-11-08,97700
2020-11-09,98200
2020-11-10,94800
2020-11-11,94900
2020-11-12,94700
2020-11-13,95200
2020-11-18,95100
2020-11-19,94400
2020-11-20,94000
2020-11-22,94300
2020-11-23,94300
2020-11-24,92500
2020-11-25,91500
2020-11-26,91500
2020-11-27,91300
2020-11-29,90700
2020-11-30,90000
2020-12-01,90500
2020-12-02,91000
2020-12-03,92600
2020-12-04,92900
2020-12-06,92700
2020-12-07,92600
2020-12-08,94100
2020-12-09,93400
2020-12-10,92500
2020-12-11,92500
2020-12-13,92500
2020-12-14,92400
2020-12-15,92300
2020-12-16,93100
2020-12-17,93500
2020-12-18,94300
2020-12-20,94300
2020-12-21,95200
2020-12-22,94900
2020-12-23,94000
2020-12-24,94100
2020-12-25,94200
2020-12-27,94200
2020-12-28,94900
2020-12-29,94100
2020-12-30,94200
2020-12-31,94100
2021-01-01,94500
2021-01-03,94500
2021-01-04,95300
2021-01-05,96400
2021-01-06,96700
2021-01-07,95400
2021-01-08,95300
2021-01-10,93000
2021-01-11,92200
2021-01-12,92800
2021-01-13,92900
2021-01-14,92100
2021-01-15,92500
2021-01-17,91800
2021-01-18,91600
2021-01-19,92000
2021-01-20,92500
2021-01-21,93100
2021-01-22,92900
2021-01-24,92600
2021-01-25,92400
2021-01-26,92800
2021-01-27,92100
2021-01-28,92000
2021-01-29,92000
2021-01-31,92100
2021-02-01,92600
2021-02-02,92600
2021-02-03,92000
2021-02-04,91100
2021-02-05,90000
2021-02-07,90600
2021-02-08,90400
2021-02-09,91900
2021-02-10,91900
2021-02-11,91500
2021-02-12,90900
2021-02-14,90800
2021-02-15,90700
2021-02-16,90900
2021-02-17,89800
2021-02-18,89200
2021-02-19,88200
2021-02-21,89000
2021-02-22,89000
2021-02-23,90100
2021-02-24,89800
2021-02-25,89300
2021-02-26,88800
2021-02-28,88300
2021-03-01,88700
2021-03-02,87000
2021-03-03,87500
2021-03-04,86500
2021-03-05,85600
2021-03-07,86100
2021-03-08,86200
2021-03-09,85600
2021-03-10,86200
2021-03-11,86800
2021-03-12,86200
2021-03-14,86600
2021-03-15,86600
2021-03-16,86600
2021-03-17,86900
2021-03-18,87200
2021-03-19,86700
2021-03-21,87200
2021-03-22,87000
2021-03-23,86700
2021-03-24,86700
2021-03-25,86900
2021-03-26,86300
2021-03-29,86500
2021-03-30,86000
2021-03-31,85600
2021-04-01,86500
2021-04-02,87400
2021-04-04,87400
2021-04-05,87200
2021-04-06,87500
2021-04-07,88000
2021-04-08,89000
2021-04-09,89900
2021-04-11,89500
2021-04-12,89600
2021-04-13,89500
2021-04-15,89800
2021-04-16,90500
2021-04-18,90700
2021-04-19,91000
2021-04-20,90700
2021-04-21,92000
2021-04-22,92200
2021-04-23,91700
2021-04-25,91300
2021-04-26,91300
2021-04-27,91200
2021-04-28,90500
2021-04-29,90800
2021-04-30,89900
2021-05-02,90000
2021-05-03,90400
2021-05-04,90600
2021-05-05,90300
2021-05-06,90600
2021-05-07,91700
2021-05-09,91800
2021-05-10,92000
2021-05-11,92300
2021-05-12,92000
2021-05-13,91600
2021-05-14,91600
2021-05-16,92500
2021-05-17,92800
2021-05-18,93400
2021-05-19,93300
2021-05-20,93700
2021-05-21,93300
2021-05-23,93600
2021-05-24,93700
2021-05-25,93500
2021-05-27,94200
2021-05-28,93800
2021-05-30,94000
2021-05-31,94200
2021-06-01,94500
2021-06-02,94500
2021-06-03,94900
2021-06-04,93400
2021-06-06,94100
2021-06-07,93800
2021-06-08,94100
2021-06-09,94200
2021-06-10,93900
2021-06-11,94500
2021-06-13,93900
2021-06-14,93200
2021-06-15,93200
2021-06-16,93100
2021-06-17,92000
2021-06-18,90800
2021-06-20,90000
2021-06-21,90400
2021-06-22,91000
2021-06-23,90700
2021-06-24,90500
2021-06-25,90500
2021-06-27,90700
2021-06-28,97700
2021-06-29,90600
2021-06-30,90000
2021-07-01,90800
2021-07-02,91300
2021-07-04,91500
2021-07-05,91500
2021-07-06,91800
2021-07-07,92200
2021-07-08,92300
2021-07-09,92400
2021-07-11,92400
2021-07-12,92200
2021-07-13,92400
2021-07-14,92700
2021-07-15,93200
2021-07-16,93200
2021-07-18,92600
2021-07-19,92800
2021-07-20,93200
2021-07-21,92500
2021-07-22,91800
2021-07-23,92100
2021-07-25,92000
2021-07-26,92100
2021-07-27,91800
2021-07-28,92100
2021-07-29,92400
2021-07-30,92900
2021-08-01,92400
2021-08-02,92300
2021-08-03,92300
2021-08-04,92000
2021-08-05,92000
2021-08-06,91500
2021-08-08,90000
2021-08-09,89000
2021-08-10,89200
2021-08-11,88800
2021-08-12,89400
2021-08-13,89700
2021-08-15,90700
2021-08-16,90600
2021-08-17,91000
2021-08-18,91200
2021-08-19,90800
2021-08-20,91200
2021-08-22,90900
2021-08-23,91100
2021-08-24,91600
2021-08-25,91300
2021-08-26,91100
2021-08-27,91600
2021-08-29,91600
2021-08-30,91600
2021-08-31,91200
2021-09-01,91000
2021-09-02,90800
2021-09-03,90900
2021-09-05,91500
2021-09-06,91400
2021-09-07,91400
2021-09-08,90700
2021-09-09,90600
2021-09-10,90700
2021-09-12,90300
2021-09-13,90600
2021-09-14,90600
2021-09-15,91200
2021-09-16,90500
2021-09-17,89100
2021-09-19,89100
2021-09-20,88900
2021-09-21,89200
2021-09-22,90100
2021-09-23,89600
2021-09-24,89000
2021-09-26,89000
2021-09-27,89300
2021-09-28,89000
2021-09-29,88900
2021-09-30,88700
2021-10-01,89600
2021-10-03,89800
2021-10-04,89800
2021-10-05,90300
2021-10-06,89900
2021-10-07,90400
2021-10-08,90600
2021-10-10,90700
2021-10-11,90600
2021-10-18,91300
2021-10-20,91400
2021-10-21,91700
2021-10-22,91700
2021-10-24,92100
2021-10-25,92400
2021-10-26,92600
2021-10-27,92000
2021-10-28,92400
2021-10-29,92000
2021-10-31,91700
2021-11-01,91800
2021-11-02,92000
2021-11-03,91500
2021-11-04,91000
2021-11-08,92500
2021-11-09,92300
2021-11-10,92700
2021-11-11,94000
2021-11-12,94400
2021-11-14,94600
2021-11-15,94300
2021-11-16,94800
2021-11-17,94300
2021-11-18,94500
2021-11-19,94400
2021-11-21,93700
2021-11-22,93900
2021-11-23,92300
2021-11-24,91800
2021-11-25,91700
2021-11-26,91900
2021-11-28,92100
2021-11-29,92000
2021-11-30,91900
2021-12-01,91500
2021-12-02,91500
2021-12-03,91300
2021-12-05,92000
2021-12-06,92000
2021-12-07,91800
2021-12-08,92300
2021-12-09,92300
2021-12-10,92200
2021-12-12,92500
2021-12-13,92500
2021-12-14,92800
2021-12-15,92300
2021-12-16,93000
2021-12-17,94000
2021-12-19,93600
2021-12-20,93800
2021-12-21,93000
2021-12-22,92600
2021-12-23,93300
2021-12-24,93100
2021-12-26,93100
2021-12-27,93200
2021-12-28,93000
2021-12-29,92500
2021-12-30,92100
2021-12-31,92700
2022-01-02,93400
2022-01-03,93100
2022-01-04,92200
2022-01-05,92800
2022-01-06,92300
2022-01-07,91600
2022-01-09,91600
2022-01-10,91300
2022-01-11,91600
2022-01-12,92000
2022-01-13,92500
2022-01-14,92700
2022-01-16,92400
2022-01-17,92500
2022-01-18,92600
2022-01-19,92700
2022-01-20,93700
2022-01-21,93800
2022-01-23,93500
2022-01-24,93500
2022-01-25,94000
2022-01-26,94400
2022-01-27,93500
2022-01-28,92600
2022-01-30,92200
2022-01-31,91800
2022-02-01,91900
2022-02-02,92200
2022-02-03,92700
2022-02-04,92500
2022-02-06,92500
2022-02-07,92600
2022-02-08,93100
2022-02-09,93400
2022-02-10,93900
2022-02-11,94000
2022-02-13,95500
2022-02-14,95500
2022-02-15,96700
2022-02-16,95100
2022-02-17,96100
2022-02-18,96500
2022-02-20,96600
2022-02-21,96200
2022-02-22,97000
2022-02-23,96500
2022-02-24,99000
2022-02-25,98000
2022-02-27,96600
2022-02-28,98200
2022-03-01,97600
2022-03-02,99500
2022-03-03,99000
2022-03-04,99900
2022-03-06,101900
2022-03-07,103000
2022-03-08,103000
2022-03-09,105500
2022-03-10,102000
2022-03-11,102600
2022-03-13,102800
2022-03-14,102300
2022-03-15,100500
2022-03-16,99300
2022-03-17,99800
2022-03-18,99800
2022-03-20,99200
2022-03-21,99500
2022-03-22,100300
2022-03-23,99200
2022-03-24,100300
2022-03-25,100900
2022-03-27,100900
2022-03-28,100500
2022-03-29,99200
2022-03-30,98800
2022-03-31,98900
2022-04-01,99700
2022-04-03,99300
2022-04-04,98700
2022-04-05,98800
2022-04-06,98500
2022-04-07,99000
2022-04-08,99500
2022-04-10,100300
2022-04-11,100100
2022-04-12,100900
2022-04-13,101500
2022-04-14,101500
2022-04-15,102000
2022-04-17,102000
2022-04-18,102500
2022-04-19,102100
2022-04-20,100600
2022-04-21,100900
2022-04-22,100900
2022-04-24,100500
2022-04-25,100200
2022-04-26,99300
2022-04-27,99000
2022-04-28,98000
2022-04-29,99200
2022-05-01,99000
2022-05-02,98200
2022-05-03,97200
2022-05-04,97200
2022-05-05,98600
2022-05-06,98000
2022-05-08,98600
2022-05-09,98700
2022-05-10,98000
2022-05-11,97000
2022-05-12,97800
2022-05-15,96500
2022-05-17,96700
2022-05-18,95800
2022-05-19,96300
2022-05-20,97300
2022-05-22,98000
2022-05-23,98000
2022-05-24,98000
2022-05-25,98200
2022-05-26,97800
2022-05-27,98000
2022-05-29,98000
2022-05-30,98200
2022-05-31,98000
2022-06-01,97200
2022-06-02,97600
2022-06-03,98500
2022-06-05,97900
2022-06-06,98100
2022-06-07,97500
2022-06-08,97500
2022-06-09,98000
2022-06-10,97700
2022-06-12,99200
2022-06-13,98900
2022-06-14,97100
2022-06-15,96500
2022-06-16,97300
2022-06-17,97800
2022-06-19,97500
2022-06-20,97700
2022-06-21,97700
2022-06-22,97300
2022-06-23,97500
2022-06-24,97200
2022-06-26,97300
2022-06-27,97700
2022-06-29,97800
2022-06-30,97500
2022-07-01,97200
2022-07-03,97500
2022-07-04,97500
2022-07-05,97600
2022-07-06,96000
2022-07-07,94600
2022-07-08,94600
2022-07-10,94800
2022-07-11,94700
2022-07-12,94500
2022-07-13,94300
2022-07-14,94600
2022-07-15,93800
2022-07-17,93600
2022-07-18,94000
2022-07-19,93800
2022-07-20,94000
2022-07-21,93000
2022-07-22,94000
2022-07-24,94500
2022-07-25,94400
2022-07-26,94200
2022-07-27,94000
2022-07-28,94800
2022-07-29,95600
2022-07-31,95800
2022-08-01,95400
2022-08-02,95600
2022-08-03,95300
2022-08-04,96100
2022-08-05,96800
2022-08-07,96300
2022-08-08,96300
2022-08-09,96900
2022-08-10,97100
2022-08-11,96600
2022-08-12,97300
2022-08-14,97800
2022-08-15,97400
2022-08-16,96700
2022-08-17,96200
2022-08-18,95900
2022-08-19,95500
2022-08-21,95500
2022-08-22,95300
2022-08-23,95000
2022-08-24,95300
2022-08-25,95800
2022-08-26,95800
2022-08-28,95100
2022-08-29,94500
2022-08-30,94800
2022-08-31,94000
2022-09-01,93100
2022-09-02,93000
2022-09-04,93600
2022-09-05,93700
2022-09-06,94000
2022-09-07,93000
2022-09-08,93800
2022-09-09,93900
2022-09-11,93900
2022-09-12,93600
2022-09-13,93500
2022-09-14,92800
2022-09-15,92500
2022-09-16,91500
2022-09-18,91800
2022-09-19,91400
2022-09-20,91800
2022-09-21,91300
2022-09-22,91800
2022-09-23,92800
2022-09-25,91800
2022-09-26,91800
2022-09-27,91400
2022-09-28,91600
2022-09-29,92800
2022-09-30,93000
2022-10-09,96000
2022-10-10,95200
2022-10-11,94000
2022-10-12,94200
2022-10-13,94200
2022-10-14,94100
2022-10-16,93100
2022-10-17,93300
2022-10-18,93400
2022-10-19,93200
2022-10-20,93100
2022-10-21,92500
2022-10-22,94000
2022-10-23,94000
2022-10-24,94000
2022-10-30,93000
2022-10-31,93000
2022-11-01,93100
2022-11-02,93600
2022-11-03,93200
2022-11-04,93100
2022-11-06,94500
2022-11-07,94300
2022-11-08,94000
2022-11-09,95400
2022-11-10,95400
2022-11-11,96700
2022-11-13,97300
2022-11-14,97200
2022-11-15,98200
2022-11-16,98400
2022-11-17,98000
2022-11-18,98100
2022-11-21,97500
2022-11-22,97200
2022-11-23,96800
2022-11-24,97800
2022-11-25,97800
2022-11-27,97800
2022-11-28,97500
2022-11-29,97400
2022-11-30,97600
2022-12-01,98100
2022-12-02,99100
2022-12-04,99500
2022-12-05,99900
2022-12-06,99300
2022-12-07,99300
2022-12-08,99700
2022-12-09,100300
2022-12-11,100500
2022-12-12,100200
2022-12-13,100000
2022-12-14,101000
2022-12-15,100300
2022-12-16,99900
2022-12-18,100500
2022-12-19,100500
2022-12-20,100400
2022-12-21,101200
2022-12-22,101500
2022-12-23,100300
2022-12-25,100500
2022-12-26,100500
2022-12-27,100700
2022-12-28,101100
2022-12-29,100900
2022-12-30,101400
2023-01-01,101700
2023-01-02,101700
2023-01-03,102600
2023-01-04,102900
2023-01-05,103100
2023-01-06,102300
2023-01-08,103300
2023-01-09,103900
2023-01-10,103500
2023-01-11,103200
2023-01-12,103400
2023-01-13,103900
2023-01-15,105000
2023-01-16,105200
2023-01-17,105100
2023-01-18,104500
2023-01-19,104500
2023-01-20,105200
2023-01-22,105000
2023-01-23,105300
2023-01-24,106300
2023-01-25,106200
2023-01-26,106900
2023-01-27,105800
2023-01-29,106000
2023-01-30,106300
2023-01-31,105800
2023-02-01,106300
2023-02-02,107500
2023-02-03,106100
2023-02-05,104100
2023-02-06,104600
2023-02-07,104600
2023-02-08,104800
2023-02-09,104900
2023-02-10,103600
2023-02-12,104000
2023-02-13,104000
2023-02-14,103800
2023-02-15,103600
2023-02-16,103000
2023-02-17,102500
2023-02-19,103200
2023-02-20,103200
2023-02-21,103000
2023-02-22,103000
2023-02-23,102500
2023-02-24,102400
2023-02-26,102000
2023-02-27,101800
2023-02-28,101800
2023-03-01,102300
2023-03-02,102600
2023-03-03,102500
2023-03-05,102800
2023-03-07,102500
2023-03-08,101500
2023-03-09,101000
2023-03-10,101800
2023-03-12,103500
2023-03-13,104100
2023-03-14,105700
2023-03-15,105700
2023-03-16,106700
2023-03-17,107100
2023-03-19,110000
2023-03-20,109300
2023-03-21,109800
2023-03-22,107800
2023-03-23,109000
2023-03-24,109800
2023-03-26,109200
2023-03-27,109000
2023-03-28,108000
2023-03-29,108500
2023-03-30,108200
2023-03-31,109200
2023-04-02,108600
2023-04-03,108000
2023-04-04,109000
2023-04-05,111000
2023-04-06,110200
2023-04-07,110000
2023-04-09,110000
2023-04-10,109300
2023-04-11,109800
2023-04-12,110800
2023-04-13,110800
2023-04-16,110000
2023-04-17,110000
2023-04-18,110000
2023-04-19,110300
2023-04-20,109800
2023-04-21,110200
2023-04-23,109300
2023-04-24,109100
2023-04-25,109500
2023-04-26,109700
2023-04-27,109600
2023-04-28,109100
2023-04-30,109200
2023-05-01,109000
2023-05-02,108800
2023-05-03,110600
2023-05-04,111800
2023-05-07,110600
2023-05-08,110900
2023-05-09,111200
2023-05-10,111600
2023-05-11,111600
2023-05-12,110800
2023-05-14,110800
2023-05-15,111000
2023-05-16,111100
2023-05-17,110000
2023-05-18,109700
2023-05-19,109200
2023-05-21,110000
2023-05-22,110000
2023-05-23,109200
2023-05-24,109800
2023-05-25,108800
2023-05-26,108300
2023-05-28,108100
2023-05-29,108100
2023-05-30,110500
2023-05-31,112000
2023-06-01,112500
2023-06-02,113300
2023-06-04,111600
2023-06-05,111600
2023-06-06,112500
2023-06-07,112700
2023-06-08,111700
2023-06-09,112500
2023-06-11,112500
2023-06-12,112400
2023-06-13,112700
2023-06-14,111800
2023-06-15,111000
2023-06-16,111800
2023-06-18,112000
2023-06-19,112000
2023-06-20,111800
2023-06-21,111000
2023-06-22,110500
2023-06-23,109800
2023-06-25,110200
2023-06-26,110400
2023-06-27,110600
2023-06-28,110000
2023-06-29,109400
2023-06-30,109600
2023-07-02,110100
2023-07-03,110000
2023-07-04,110400
2023-07-05,110600
2023-07-06,110700
2023-07-07,110600
2023-07-09,111300
2023-07-10,111300
2023-07-11,111300
2023-07-12,111600
2023-07-13,112400
2023-07-14,112500
2023-07-16,112200
2023-07-17,112200
2023-07-18,112500
2023-07-19,113100
2023-07-20,113600
2023-07-21,112800
2023-07-23,112300
2023-07-24,112000
2023-07-25,112200
2023-07-26,112700
2023-07-27,113500
2023-07-28,112600
2023-07-30,112900
2023-07-31,112600
2023-08-01,113000
2023-08-02,112400
2023-08-03,112200
2023-08-04,112200
2023-08-06,112500
2023-08-07,112400
2023-08-08,112100
2023-08-09,112000
2023-08-10,111300
2023-08-11,111100
2023-08-13,111100
2023-08-14,111300
2023-08-15,111300
2023-08-16,111200
2023-08-17,110400
2023-08-18,110400
2023-08-20,110300
2023-08-21,110300
2023-08-22,110500
2023-08-23,110600
2023-08-24,111100
2023-08-25,111100
2023-08-27,111100
2023-08-28,111100
2023-08-29,111700
2023-08-30,112500
2023-08-31,112800
2023-09-01,112500
2023-09-03,112600
2023-09-04,113000
2023-09-05,112700
2023-09-06,112400
2023-09-07,112000
2023-09-08,112300
2023-09-10,111900
2023-09-11,112000
2023-09-12,112000
2023-09-13,111200
2023-09-14,111200
2023-09-15,111800
2023-09-17,112300
2023-09-18,112500
2023-09-19,113000
2023-09-20,112800
2023-09-21,112500
2023-09-22,112100
2023-09-24,112200
2023-09-25,112200
2023-09-26,111800
2023-09-27,111000
2023-09-28,109600
2023-09-29,108800
2023-10-01,108000
2023-10-02,107900
2023-10-03,106600
2023-10-04,106900
2023-10-05,107300
2023-10-06,107300
2023-10-08,107600
2023-10-09,108600
2023-10-10,108900
2023-10-11,108800
2023-10-12,109500
2023-10-13,110100
2023-10-14,113000
2023-10-15,113000
2023-10-16,112300
2023-10-17,111900
2023-10-18,113200
2023-10-19,113700
2023-10-20,115500
2023-10-27,116000
2023-10-28,117000
2023-10-29,117000
2023-10-30,116500
2023-10-31,116000
2023-11-01,115000
2023-11-02,115700
2023-11-03,115900
2023-11-05,115900
2023-11-06,115400
2023-11-07,115000
2023-11-08,114700
2023-11-09,113700
2023-11-10,114700
2023-11-12,113700
2023-11-13,113200
2023-11-17,115500
2023-11-19,115500
2023-11-20,115700
2023-11-21,116200
2023-11-22,116500
2023-11-23,116500
2023-11-24,116300
2023-11-26,116900
2023-11-27,117400
2023-11-28,117700
2023-11-29,119300
2023-11-30,119300
2023-12-01,119000
2023-12-03,120800
2023-12-04,121600
2023-12-05,119200
2023-12-06,118400
2023-12-07,118600
2023-12-08,118800
2023-12-10,117500
2023-12-11,117000
2023-12-12,116300
2023-12-13,116000
2023-12-14,118800
2023-12-15,119100
2023-12-17,117800
2023-12-18,117800
2023-12-19,118000
2023-12-20,119000
2023-12-21,119000
2023-12-22,119800
2023-12-24,119900
2023-12-25,119900
2023-12-26,120500
2023-12-27,120700
2023-12-28,122000
2023-12-29,120700
2023-12-31,120500
2024-01-01,120500
2024-01-02,121000
2024-01-03,120800
2024-01-04,119500
2024-01-05,119500
2024-01-07,119500
2024-01-08,118800
2024-01-09,118600
2024-01-10,118500
2024-01-11,118300
2024-01-12,118600
2024-01-14,119200
2024-01-15,119500
2024-01-16,119400
2024-01-17,118200
2024-01-18,117500
2024-01-19,118000
2024-01-21,118400
2024-01-22,118400
2024-01-23,118400
2024-01-24,118400
2024-01-25,118000
2024-01-26,118000
2024-01-28,118000
2024-01-29,118300
2024-01-30,118600
2024-01-31,118700
2024-02-01,119200
2024-02-02,119500
2024-02-04,118900
2024-02-05,118500
2024-02-06,118000
2024-02-07,118600
2024-02-08,118400
2024-02-09,118500
2024-02-11,118000
2024-02-12,118000
2024-02-13,117700
2024-02-14,116500
2024-02-15,116500
2024-02-16,117100
2024-02-18,117600
2024-02-19,118000
2024-02-20,118000
2024-02-21,118400
2024-02-22,118000
2024-02-23,118000
2024-02-25,118500
2024-02-26,118300
2024-02-27,118300
2024-02-28,118200
2024-02-29,118400
2024-03-01,119000
2024-03-03,121000
2024-03-04,121000
2024-03-05,123000
2024-03-06,123500
2024-03-07,125000
2024-03-08,125000
2024-03-10,126000
2024-03-11,126000
2024-03-12,126000
2024-03-13,125000
2024-03-14,125800
2024-03-15,125400
2024-03-17,125000
2024-03-18,124500
2024-03-19,125200
2024-03-20,125200
2024-03-21,127800
2024-03-22,126500
2024-03-25,126700
2024-03-26,126400
2024-03-27,126800
2024-03-28,127900
2024-03-29,130000
2024-03-31,130000
2024-04-01,131600
2024-04-02,131200
2024-04-03,133000
2024-04-04,134000
2024-04-05,132700
2024-04-07,135600
2024-04-08,136200
2024-04-09,136300
2024-04-10,136800
2024-04-11,136600
2024-04-12,139000
2024-04-14,136800
2024-04-15,137500
2024-04-16,139200
2024-04-17,139200
2024-04-18,138600
2024-04-19,139300
2024-04-21,139300
2024-04-22,138200
2024-04-23,135500
2024-04-24,136000
2024-04-25,135800
2024-04-26,137200
2024-04-28,137600
2024-04-29,137200
2024-04-30,137200
2024-05-01,134500
2024-05-02,136500
2024-05-03,135400
2024-05-05,135400
2024-05-06,135600
2024-05-07,136400
2024-05-08,136400
2024-05-09,135600
2024-05-10,137900
2024-05-12,138400
2024-05-13,138100
2024-05-14,137400
2024-05-15,138400
2024-05-16,140000
2024-05-17,139300
2024-05-19,140900
2024-05-20,141800
2024-05-21,140600
2024-05-22,140500
2024-05-23,138700
2024-05-24,136900
2024-05-26,136900
2024-05-27,137200
2024-05-28,137600
2024-05-29,138200
2024-05-30,140500
2024-05-31,142200
2024-06-02,142000
2024-06-03,141000
2024-06-04,142700
2024-06-05,142200
2024-06-06,144000
2024-06-07,145000
2024-06-09,141000
2024-06-10,141000
2024-06-11,141000
2024-06-12,141600
2024-06-13,141600
2024-06-14,141200
2024-06-16,142800
2024-06-17,142200
2024-06-18,142200
2024-06-19,142200
2024-06-20,142800
2024-06-21,144700
2024-06-23,142000
2024-06-24,142300
2024-06-25,142300
2024-06-26,141600
2024-06-27,140800
2024-06-28,141800
2024-06-30,142000
2024-07-01,142200
2024-07-02,142300
2024-07-03,142700
2024-07-04,144300
2024-07-05,144400
2024-07-07,145400
2024-07-08,145000
2024-07-09,144100
2024-07-10,144100
2024-07-11,144900
2024-07-12,146700
2024-07-14,146700
2024-07-15,146900
2024-07-16,147800
2024-07-17,149800
2024-07-18,149500
2024-07-19,147500
2024-07-21,146200
2024-07-22,146300
2024-07-23,146300
2024-07-24,147400
2024-07-25,145000
2024-07-26,144700
2024-07-27,144700
2024-07-28,145700
2024-07-29,146100
2024-07-30,146000
2024-07-31,147800
2024-08-01,149400
2024-08-02,149900
2024-08-04,149700
2024-08-05,150000
2024-08-06,147700
2024-08-07,146300
2024-08-08,146600
2024-08-09,148100
2024-08-11,148800
2024-08-12,148700
2024-08-13,150800
2024-08-14,150500
2024-08-15,150500
2024-08-16,149600
2024-08-18,152600
2024-08-19,152300
2024-08-20,152200
2024-08-21,153000
2024-08-22,151900
2024-08-23,151400
2024-08-25,152400
2024-08-26,152300
2024-08-27,152300
2024-08-28,153100
2024-08-29,153200
2024-08-30,152900
2024-09-01,152300
2024-09-02,152000
2024-09-03,152000
2024-09-04,152000
2024-09-05,152000
2024-09-06,153300
2024-09-08,152100
2024-09-09,152200
2024-09-10,152400
2024-09-11,153400
2024-09-12,153300
2024-09-13,156300
2024-09-15,156800
2024-09-16,157300
2024-09-17,156700
2024-09-18,156400
2024-09-19,155600
2024-09-20,157100
2024-09-22,158800
2024-09-23,159200
2024-09-24,159700
2024-09-25,160400
2024-09-26,160700
2024-09-27,161200
2024-09-29,160600
2024-09-30,160500
2024-10-01,160000
2024-10-02,160800
2024-10-03,160900
2024-10-04,161300
2024-10-06,161000
2024-10-07,160500
2024-10-08,160100
2024-10-09,159100
2024-10-15,160500
2024-10-16,161800
2024-10-17,162400
2024-10-18,164400
2024-10-20,165000
2024-10-21,165600
2024-10-22,165900
2024-10-23,166700
2024-10-24,166000
2024-10-25,166000
2024-10-27,167400
2024-10-28,167000
2024-10-29,168500
2024-10-30,170700
2024-10-31,171000
2024-11-05,168200
2024-11-06,168500
2024-11-07,164500
2024-11-08,166500
2024-11-10,166000
2024-11-11,165000
2024-11-12,162600
2024-11-13,162200
2024-11-14,160000
2024-11-15,160100
2024-11-17,160000
2024-11-18,161000
2024-11-19,162100
2024-11-20,163000
2024-11-21,164000
2024-11-22,165500
2024-11-24,167200
2024-11-25,151300
2024-11-26,148700
2024-11-27,149600
2024-11-28,149300
2024-11-29,150900
2024-12-01,150500
2024-12-02,149300
2024-12-03,150300
2024-12-04,150400
2024-12-05,150700
2024-12-06,150100
2024-12-08,149700
2024-12-09,150100
2024-12-10,152200
2024-12-11,154200
2024-12-12,154200
2024-12-13,153000
2024-12-15,150800
2024-12-16,151200
2024-12-17,151400
2024-12-18,150700
2024-12-19,149000
2024-12-20,148500
2024-12-22,149600
2024-12-23,149800
2024-12-24,149800
2024-12-25,149700
2024-12-26,150300
2024-12-27,150700
2024-12-29,150200
2024-12-30,150600
2024-12-31,149600
2025-01-01,151000
2025-01-02,151500
2025-01-03,153500
2025-01-05,152000
2025-01-06,152000
2025-01-07,152000
2025-01-08,152500
2025-01-09,153300
2025-01-10,154100
2025-01-12,155700
2025-01-13,155800
2025-01-14,155000
2025-01-15,155400
2025-01-16,156600
2025-01-17,157900
2025-01-19,157100
2025-01-20,157000
2025-01-21,158100
2025-01-22,160000
2025-01-23,159600
2025-01-24,160600
2025-01-26,160400
2025-01-27,160100
2025-01-28,159200
2025-01-29,160600
2025-01-30,160500
2025-01-31,162800
2025-02-02,162800
2025-02-03,162800
2025-02-04,164700
2025-02-05,166900
2025-02-06,168500
2025-02-07,168100
2025-02-09,168200
2025-02-10,169600
2025-02-11,170200
2025-02-12,167500
2025-02-13,169800
2025-02-14,170200
2025-02-16,167500
2025-02-17,168700
2025-02-18,169400
2025-02-19,170500
2025-02-20,171000
2025-02-21,170000
2025-02-23,170300
2025-02-24,170800
2025-02-25,171300
2025-02-26,170500
2025-02-27,170300
2025-02-28,168100
2025-03-02,168100
2025-03-03,168100
2025-03-04,169500
2025-03-05,170400
2025-03-06,170700
2025-03-07,170200
2025-03-09,170300
2025-03-10,170400
2025-03-11,169900
2025-03-12,170500
2025-03-13,170500
2025-03-14,174500
2025-03-16,174100
2025-03-17,174100
2025-03-18,175200
2025-03-19,176000
2025-03-20,176000
2025-03-21,175000
2025-03-23,174100
2025-03-24,173500
2025-03-25,173300
2025-03-26,173500
2025-03-27,174800
2025-03-28,176200
2025-03-30,176800
2025-03-31,177900
2025-04-01,179700
2025-04-02,179100
2025-04-03,180300
2025-04-04,176400
2025-04-06,174500
2025-04-07,173800
2025-04-08,173400
2025-04-09,175400
2025-04-10,181100
2025-04-11,185000
2025-04-13,186000
2025-04-14,186000
2025-04-15,184300
2025-04-16,187000
2025-04-17,190600
2025-04-18,189800
2025-04-20,189800
2025-04-21,191000
2025-04-22,197900
2025-04-23,190400
2025-04-24,190600
2025-04-25,189600
2025-04-27,189700
2025-04-28,188300
2025-04-29,188800
2025-04-30,188100
2025-05-01,183500
2025-05-02,183500
2025-05-04,184100
2025-05-05,184600
2025-05-06,189900
2025-05-07,191600
2025-05-08,192200
2025-05-09,190800
2025-05-11,190500
2025-05-12,186800
2025-05-13,184800
2025-05-14,185300
2025-05-15,181800
2025-05-16,184800
2025-05-18,184200
2025-05-19,184800
2025-05-20,184800
2025-05-21,189800
2025-05-22,191500
2025-05-23,190400
2025-05-25,191800
2025-05-26,191100
2025-05-27,190900
2025-05-28,189300
2025-05-29,187800
2025-05-30,188500
2025-06-01,188800
2025-06-02,189800
2025-06-03,192700
2025-06-04,193200
2025-06-05,193700
2025-06-06,193700
2025-06-08,190700
2025-06-09,190600
2025-06-10,190000
2025-06-11,191300
2025-06-12,192900
2025-06-13,197100
2025-06-15,197500
2025-06-16,197500
2025-06-17,195000
2025-06-18,195900
2025-06-19,195500
2025-06-20,194700
2025-06-22,195200
2025-06-23,195200
2025-06-24,193500
2025-06-25,192000
2025-06-26,192300
2025-06-27,189400
2025-06-29,188400
2025-06-30,188100
2025-07-01,190500
2025-07-02,191700
2025-07-03,192100
2025-07-11,191800
2025-07-13,192900
2025-07-14,193300
2025-07-15,193300
2025-07-16,192000
2025-07-17,192300
2025-07-18,192500
2025-07-20,193300
2025-07-21,193700
2025-07-22,195500
2025-07-23,197600
2025-07-24,195200
2025-07-25,194700
2025-07-27,193600
2025-07-28,193600
2025-07-29,193000
2025-07-30,194400
2025-07-31,193600
2025-08-01,193100
2025-08-03,196500
2025-08-04,196600
2025-08-05,198500
2025-08-06,198400
2025-08-07,198400
2025-08-08,199400
2025-08-10,199200
2025-08-11,198100
2025-08-12,196800
2025-08-13,196700
2025-08-14,196800
2025-08-15,196200
2025-08-17,195500
2025-08-18,196300
2025-08-19,195100
2025-08-20,193500
2025-08-21,194800
2025-08-22,195200
2025-08-24,197500
2025-08-25,197200
2025-08-26,198700
2025-08-27,199000
2025-08-28,199400
2025-08-29,200600
2025-08-31,203600
2025-09-01,205300
2025-09-02,205900
2025-09-03,207900
2025-09-04,207900
2025-09-05,210400
2025-09-07,212000
2025-09-08,211600
2025-09-09,214700
2025-09-10,214700
2025-09-11,214200
2025-09-12,215800
2025-09-14,215100
2025-09-15,215200
2025-09-16,217100
2025-09-17,216100
2025-09-18,215200
2025-09-19,216000
2025-09-20,216000
2025-09-21,217100
2025-09-22,217100
2025-09-23,217800
2025-09-24,221700
2025-09-25,223000
2025-09-26,221300
2025-09-27,222500
2025-09-28,222500
2025-10-01,223200
2025-10-03,223200
2025-10-04,223200
2025-10-05,223200
2025-10-06,230600
2025-10-07,233100
2025-10-08,235400
2025-10-09,238000
2025-10-10,239200
2025-10-11,235000
2025-10-12,238000
2025-10-13,238000
2025-10-14,240400
2025-10-15,248900
2025-10-16,248900
2025-10-17,250900
2025-10-18,258000
2025-10-19,258000
2025-10-20,253200
2025-10-21,253500
2025-10-23,253500
2025-10-24,253500
2025-10-25,253500
2025-10-26,253500
2025-10-27,241900
2025-10-28,239900
2025-10-29,237000
2025-10-30,236300
2025-10-31,239000
2025-11-01,239000
2025-11-02,239000
2025-11-03,239700
2025-11-04,239700
2025-11-05,238300
2025-11-06,237200
2025-11-07,237800
2025-11-08,238400
2025-11-09,238400
2025-11-10,238600
2025-11-11,241500
2025-11-12,246400
2025-11-13,244300
2025-11-14,250200
2025-11-15,249700
2025-11-16,249700
2025-11-17,242800
2025-11-18,243300
2025-11-19,239500
2025-11-20,242300
2025-11-21,243000
2025-11-22,241700
2025-11-23,241700
2025-11-24,244600
2025-11-25,242700
2025-11-26,247900
2025-11-27,248800
2025-11-28,250600
2025-11-29,250600
2025-11-30,250600
2025-12-01,252200
2025-12-02,253600
2025-12-03,253300
2025-12-04,254100
2025-12-05,253300
2025-12-06,252400
2025-12-07,252400
2025-12-08,252200
2025-12-09,252900
2025-12-10,251900
2025-12-11,252100
2025-12-12,253100
2025-12-13,256600
2025-12-14,256600
2025-12-15,258800
2025-12-16,260700
2025-12-17,259000
2025-12-18,259700
2025-12-19,260400
2025-12-20,258400
2025-12-21,258400
2025-12-22,258300
2025-12-23,261700
2025-12-24,267200
2025-12-25,267500
2025-12-26,267500
2025-12-27,269300
2025-12-28,269300
2025-12-29,270000
2025-12-30,270000
2025-12-31,262100
2026-01-01,261000
2026-01-02,259600
2026-01-03,262500
2026-01-04,260400
2026-01-05,265000
2026-01-06,265000
2026-01-07,268100
2026-01-08,267700
2026-01-09,265700
2026-01-10,267800
2026-01-11,267800
2026-01-12,270600
2026-01-13,274700
2026-01-14,276500
2026-01-15,278000
2026-01-16,276500
2026-01-17,277200
2026-01-18,277200
2026-01-19,282000
2026-01-20,282000
2026-01-21,284700
2026-01-22,295100
2026-01-23,292200
2026-01-24,301400
2026-01-25,303800
2026-01-26,309000
2026-01-27,309000
2026-01-28,309300
2026-01-29,339300
2026-01-30,318800
2026-01-31,318800
2026-02-01,300000
2026-02-02,286600
2026-02-03,290300
2026-02-04,304700
2026-02-05,295200
2026-02-06,291000
2026-02-07,291000
2026-02-08,300500
2026-02-09,304600
2026-02-10,305500
2026-02-11,306600
2026-02-12,306500
2026-02-13,303500
2026-02-15,303500
2026-02-16,305800
2026-02-17,302800
2026-02-18,301900
2026-02-19,300400
2026-02-20,304700
2026-02-22,310300
2026-02-23,313500
2026-02-24,314800
2026-02-25,314800
2026-02-26,315400
2026-02-27,314900
2026-03-01,320500
2026-03-02,326100
2026-03-03,328600
2026-03-04,317600
2026-03-06,313400
2026-03-08,316900
2026-03-09,313200
2026-03-10,317000
2026-03-11,319000
2026-03-12,317000
2026-03-13,314200
2026-03-15,309400
2026-03-16,309500
2026-03-17,309900
2026-03-18,307700
2026-03-19,302300
2026-03-20,294500
2026-03-22,282000
2026-03-23,275500
2026-03-24,273900
2026-03-25,288500
2026-03-26,285600
2026-03-27,281000
2026-03-29,286000
2026-03-30,283500
2026-03-31,290200
2026-04-01,297600
2026-04-02,294000
2026-04-03,294000
2026-04-05,294000
2026-04-06,291400
2026-04-07,291800
2026-04-08,299000
2026-04-09,294700
2026-04-10,296900
2026-04-11,296900
2026-04-12,297100
2026-04-13,296700
2026-04-14,299800
2026-04-15,302700
2026-04-16,302800
2026-04-17,299800
2026-04-18,299800
2026-04-19,301000
2026-04-20,299700
2026-04-21,301300
2026-04-22,300500
2026-04-23,298700
2026-04-24,296500
2026-04-25,296500
2026-04-26,299200
2026-04-27,300500
2026-04-28,297500
2026-04-29,294500
2026-04-30,292700
2026-05-01,296100
2026-05-03,295100
2026-05-04,294800
2026-05-05,291000
2026-05-06,296800
2026-05-07,298600
2026-05-08,299900
2026-05-09,299900
2026-05-10,298900
2026-05-11,298500
2026-05-12,302900
2026-05-13,302200
2026-05-14,302500
2026-05-15,298500
2026-05-16,298500
2026-05-17,294000
2026-05-18,294800
2026-05-19,295300
2026-05-20,292000
2026-05-21,293800
2026-05-22,293700
2026-05-23,293700
2026-05-24,290900
2026-05-25,292800
2026-05-26,291500
2026-05-27,290500
2026-05-28,285000
2026-05-29,290600
2026-05-30,290600
2026-05-31,311100
2026-06-01,310900
2026-06-02,311300
2026-06-03,311300
2026-06-04,311100
2026-06-05,309000
2026-06-07,300800
2026-06-08,299900
2026-06-09,301900
2026-06-11,286700
2026-06-13,292000
2026-06-14,293200
2026-06-15,298200
2026-06-16,298500
2026-06-18,297200
2026-06-19,286700
2026-06-20,286700
2026-06-21,287300
2026-06-22,288700
2026-06-23,287100
2026-06-24,283500
2026-06-25,278300
2026-06-26,279100
2026-06-27,279100
2026-06-28,283800
2026-06-29,282400
2026-06-30,277900
2026-07-01,277300
2026-07-02,283500
2026-07-03,290700
2026-07-04,290700
2026-07-05,290300
2026-07-06,289400
2026-07-07,288000
2026-07-08,287100
2026-07-09,284700
2026-07-10,287400
2026-07-11,287400
2026-07-12,288000
2026-07-13,285200
2026-07-14,284000
2026-07-15,284800
2026-07-16,285200
2026-07-17,282100
2026-07-21,285600
2026-07-22,291000
2026-07-23,291300
2026-07-24,285500
2026-07-26,287100
2026-07-27,288500
2026-07-28,284200
2026-07-29,283200
2026-07-30,284000
2026-07-31,285000
2026-08-03,284000
2026-08-04,283800
2026-08-05,288000
2026-08-06,296000
2026-08-07,296900
2026-08-09,301700
2026-08-10,301500
