symbol,name,source_category,instrument_type,sector,status
ACLBSL,Aarambha Chautari Laghubitta Bittiya Sanstha Limited,Microfinance,ordinary,Microfinance,listed
ADBL,Agricultural Development Bank Limited,Commercial Bank,ordinary,Commercial Bank,listed
ADBLB87,4% Agricultural Bond 2087,Corporate Debentures,debenture,,listed
ADBLD83,10.35% Agricultural Bank Debenture 2083,Corporate Debentures,debenture,,listed
AHL,Asian Hydropower Limited,Hydropower,ordinary,Hydropower,listed
AHPC,Arun Valley Hydropower Development Company Limited,Hydropower,ordinary,Hydropower,listed
AKJCL,Ankhukhola Hydropower Company Limited,Hydropower,ordinary,Hydropower,listed
AKPL,Arun Kabeli Power Limited,Hydropower,ordinary,Hydropower,listed
ALBSL,Asha Laghubitta Bittiya Sanstha Limited,Microfinance,ordinary,Microfinance,listed
ALICL,Asian Life Insurance Company Limited,Life Insurance,ordinary,Life Insurance,listed
ANLB,Aatmanirbhar Laghubitta Bittiya Sanstha Limited,Microfinance,ordinary,Microfinance,listed
APHL,Appolo Hydropower Limited,Hydropower,ordinary,Hydropower,listed
API,Api Power Company Limited,Hydropower,ordinary,Hydropower,listed
AVYAN,Aviyan Laghubitta Bittiya Sanstha Limited,Microfinance,ordinary,Microfinance,listed
BANDIPUR,Bandipur Cable Car and Tourism Limited,Hotel & Tourism,ordinary,Hotel & Tourism,listed
BARUN,Barun Hydropower Company Limited,Hydropower,ordinary,Hydropower,listed
BBC,Bishal Bazar Company Limited,Trading,ordinary,Trading,listed
BEDC,Bhugol Energy Development Company Limited,Hydropower,ordinary,Hydropower,listed
BFC,Best Finance Company Limited,Finance,ordinary,Finance,listed
BGWT,Bhagawati Hydropower Development Company Limited,Hydropower,ordinary,Hydropower,listed
BHCL,Bikash Hydropower Company Limited,Hydropower,ordinary,Hydropower,listed
BHDC,Bindhyabasini Hydropower Development Company Limited,Hydropower,ordinary,Hydropower,listed
BHL,Balephi Hydropower Limited,Hydropower,ordinary,Hydropower,listed
BHPL,Barahi Hydropower Public Limited,Hydropower,ordinary,Hydropower,listed
BJHL,Bhujung Hydropower Limited,Hydropower,ordinary,Hydropower,listed
BNHC,Buddha Bhumi Nepal Hydropower Company Limited,Hydropower,ordinary,Hydropower,listed
BNL,Bottlers Nepal Limited (Balaju),Manufacturing and Processing,ordinary,Manufacturing and Processing,listed
BNT,Bottlers Nepal (Terai) Limited,Manufacturing and Processing,ordinary,Manufacturing and Processing,listed
BOKD86,8.5% BOK Debenture 2086,Corporate Debentures,debenture,,listed
BOKD86KA,10.5% BOK Debenture 2086,Corporate Debentures,debenture,,listed
BOKL,Bank of Kathmandu Limited,Merged,ordinary,,merged
BPCL,Butwal Power Company Limited,Hydropower,ordinary,Hydropower,listed
BUNGAL,Bungal Hydro Limited,Hydropower,ordinary,Hydropower,listed
C30MF,Citizens Super 30 Mutual Fund,Mutual Fund,mutual_fund,,listed
CBBL,Chhimek Laghubitta Bittiya Sanstha Limited,Microfinance,ordinary,Microfinance,listed
CBL,Civil Bank Limited,Merged,ordinary,,merged
CBLD88,10.25% Civil Bank Debenture 2088,Corporate Debentures,debenture,,listed
CCBD88,10.50% Century Debenture 2088,Corporate Debentures,debenture,,listed
CCBL,Century Commercial Bank Limited,Merged,ordinary,,merged
CFCL,Central Finance Limited,Finance,ordinary,Finance,listed
CFL,Crystal Finance Limited,Non Category,ordinary,,listed
CGH,Chandragiri Hills Limited,Hotel & Tourism,ordinary,Hotel & Tourism,listed
CHCL,Chilime Hydro power Company Limited,Hydropower,ordinary,Hydropower,listed
CHDC,CEDB Holdings Limited,Investment,ordinary,Investment,listed
CHL,Chhyangdi Hydropower Company Limited,Hydropower,ordinary,Hydropower,listed
CIT,Citizen Investment Trust,Investment,ordinary,Investment,listed
CITY,City Hotel Limited,Hotel & Tourism,ordinary,Hotel & Tourism,listed
CIZBD86,10.25% Citizens Bank Debenture 2086,Corporate Debentures,debenture,,listed
CIZBD90,10% Citizens Bank Debenture 2090,Corporate Debentures,debenture,,listed
CKHL,Chirkhwa Hydro Power Limited,Hydropower,ordinary,Hydropower,listed
CLI,Citizen Life Insurance Company Limited,Life Insurance,ordinary,Life Insurance,listed
CMB,Capital Merchant Banking & Finance Limited,Finance,ordinary,Finance,listed
CMF2,Citizens Mutual Fund - 2,Mutual Fund,mutual_fund,,listed
CORBL,Corporate Development Bank Limited,Development Bank,ordinary,Development Bank,listed
CORBLP,Corporate Development Bank Limited Promoter Share,Promoter Share,promoter_share,,listed
CREST,Crest Micro Life Insurance Limited,Life Insurance,ordinary,Life Insurance,listed
CSY,Citizens Santulit Yojana,Mutual Fund,mutual_fund,,listed
CYCL,CYC Nepal Laghubitta Bittiya Sanstha Limited,Microfinance,ordinary,Microfinance,listed
CZBIL,Citizens Bank International Limited,Commercial Bank,ordinary,Commercial Bank,listed
CZBILP,Citizens Bank International Limited Promoter Share,Promoter Share,promoter_share,,listed
DDBL,Deprosc Laghubitta Bittiya Sanstha Limited,Microfinance,ordinary,Microfinance,listed
DHEL,Daramkhola Hydro Energy Limited,Hydropower,ordinary,Hydropower,listed
DHPL,Dibyashwari Hydropower Company Limited,Hydropower,ordinary,Hydropower,listed
DLBS,Dhaulagiri Laghubitta Bittiya Sanstha Limited,Microfinance,ordinary,Microfinance,listed
DOLTI,Dolti Power Company Ltd,Hydropower,ordinary,Hydropower,listed
DORDI,Dordi Khola Hydropower Company Limited,Hydropower,ordinary,Hydropower,listed
EBL,Everest Bank Limited,Commercial Bank,ordinary,Commercial Bank,listed
EBLD85,10.5% Everest Bank Ltd Rinpatra 2085,Corporate Debentures,debenture,,listed
EBLD86,8.5% Everest Bank Debenture,Corporate Debentures,debenture,,listed
EBLD91,7.50% Everest Bank Limited Debenture  2091,Corporate Debentures,debenture,,listed
ECL,Everest Colour Limited,Manufacturing and Processing,ordinary,Manufacturing and Processing,listed
EDBL,Excel Development Bank Limited,Development Bank,ordinary,Development Bank,listed
EHPL,Eastern Hydropower Limited,Hydropower,ordinary,Hydropower,listed
ENL,Emerging Nepal Limited,Investment,ordinary,Investment,listed
FMDBL,First Microfinance Laghubitta Bittiya Sanstha Limited,Microfinance,ordinary,Microfinance,listed
FOWAD,Forward Microfinance Laghubitta Bittiya Sanstha Limited,Microfinance,ordinary,Microfinance,listed
GBBD85,8.75% Garima Debenture 2085,Corporate Debentures,debenture,,listed
GBBL,Garima Bikas Bank Limited,Development Bank,ordinary,Development Bank,listed
GBILD84-85,11.25% Global IME Bank Debenture 2084/85,Corporate Debentures,debenture,,listed
GBILD86-87,8.5% Global IME Bank Ltd. Debenture 2086/87,Corporate Debentures,debenture,,listed
GBIME,Global IME Bank Limited,Commercial Bank,ordinary,Commercial Bank,listed
GBIMEP,Global IME Bank Limited Promoter Share,Promoter Share,promoter_share,,listed
GBIMESY2,Global IME Samunnat Yojana -II,Mutual Fund,mutual_fund,,listed
GBLBS,Grameen Bikas Laghubitta Bittiya Sanstha Limited,Microfinance,ordinary,Microfinance,listed
GCIL,Ghorahi Cement Industry Limited,Manufacturing and Processing,ordinary,Manufacturing and Processing,listed
GFCL,Goodwill Finance Company Limited,Finance,ordinary,Finance,listed
GHL,Ghalemdi Hydro Limited,Hydropower,ordinary,Hydropower,listed
GIBF1,Global IME Balanced Fund-I,Mutual Fund,mutual_fund,,listed
GILB,Global IME Laghubitta Bittiya Sanstha Limited,Microfinance,ordinary,Microfinance,listed
GLBSL,Gurans Laghubitta Bittiya Sanstha Limited,Microfinance,ordinary,Microfinance,listed
GLH,Greenlife Hydropower Limited,Hydropower,ordinary,Hydropower,listed
GLICL,Gurans Life Insurance Company Limited,Merged,ordinary,,merged
GMFBS,Ganapati Laghubitta Bittiya Sanstha Limited,Microfinance,ordinary,Microfinance,listed
GMFIL,Guheswori Merchant Banking & Finance Limited,Finance,ordinary,Finance,listed
GMLI,Guardian Micro Life Insurance Limited,Life Insurance,ordinary,Life Insurance,listed
GRDBL,Green Development Bank Limited,Development Bank,ordinary,Development Bank,listed
GSY,Garima Samriddhi Yojana,Mutual Fund,mutual_fund,,listed
GUFL,Gurkhas Finance Limited,Finance,ordinary,Finance,listed
GUFLPO,Gurkhas Finance Limited Promoter Share,Promoter Share,promoter_share,,listed
GVL,Green Ventures Limited,Hydropower,ordinary,Hydropower,listed
GWFD83,12% Goodwill Finance Limited Debenture 2083,Corporate Debentures,debenture,,listed
H8020,Himalayan 80-20,Mutual Fund,mutual_fund,,listed
HATHY,Hathway Investment Nepal Limited,Investment,ordinary,Investment,listed
HBL,Himalayan Bank Limited,Commercial Bank,ordinary,Commercial Bank,listed
HBLD86,Himalayan Bank Limited Bond 2086,Government Bonds,government_bond,,listed
HDHPC,Himal Dolakha Hydropower Company Limited,Hydropower,ordinary,Hydropower,listed
HDL,Himalayan Distillery Limited,Manufacturing and Processing,ordinary,Manufacturing and Processing,listed
HEI,Himalayan Everest Insurance Limited,Non-Life Insurance,ordinary,Non-Life Insurance,listed
HEIP,Himalayan Everest Insurance Limited Promoter,Promoter Share,promoter_share,,listed
HFIN,Hotel Forest Inn Limited,Hotel & Tourism,ordinary,Hotel & Tourism,listed
HHL,Himalayan Hydropower Limited,Hydropower,ordinary,Hydropower,listed
HIDCL,Hydroelectricity Investment and Development Company Limited,Investment,ordinary,Investment,listed
HIDCLP,Hydroelectricity Investment and Development Company Limited Promoter Share,Promoter Share,promoter_share,,listed
HIMSTAR,Him Star Urja Company Limited,Hydropower,ordinary,Hydropower,listed
HLBSL,Himalayan Laghubitta Bittiya Sanstha Limited (Former Civil Laghubitta),Microfinance,ordinary,Microfinance,listed
HLI,Himalayan Life Insurance Limited,Life Insurance,ordinary,Life Insurance,listed
HLICF,HLI Large Cap Fund,Mutual Fund,mutual_fund,,listed
HPPL,Himalayan Power Partner Limited,Hydropower,ordinary,Hydropower,listed
HRL,Himalayan Reinsurance Limited,Others,ordinary,,listed
HURJA,Himalaya Urja Bikas Company Limited,Hydropower,ordinary,Hydropower,listed
ICFC,ICFC Finance Limited,Finance,ordinary,Finance,listed
ICFCD83,12% ICFC Finance Limited Debenture 2083,Corporate Debentures,debenture,,listed
ICFCD88,9% ICFC Finance Limited Debenture 2088,Corporate Debentures,debenture,,listed
ICFCD89,8% ICFC  Finance Limited Debenture 2089,Corporate Debentures,debenture,,listed
IGI,IGI Prudential Insurance Limited,Non-Life Insurance,ordinary,Non-Life Insurance,listed
IHL,Ingwa Hydropower Ltd,Hydropower,ordinary,Hydropower,listed
ILBS,Infinity Laghubitta Bittiya Sanstha Limited,Microfinance,ordinary,Microfinance,listed
ILBSP,Infinity Laghubitta Bittiya Sanstha Limited Promoter Share,Promoter Share,promoter_share,,listed
ILI,IME Life Insurance Company Limited,Life Insurance,ordinary,Life Insurance,listed
JBBD87,Jyoti Bikash Bank Bond 2087,Government Bonds,government_bond,,listed
JBBL,Jyoti Bikash Bank Limited,Development Bank,ordinary,Development Bank,listed
JBLB,Jeevan Bikas Laghubitta Bittiya Sanstha Limited,Microfinance,ordinary,Microfinance,listed
JFL,Janaki Finance Company Limited,Finance,ordinary,Finance,listed
JHAPA,Jhapa Energy Limited,Others,ordinary,,listed
JLI,Jyoti Life Insurance Company Limited,Merged,ordinary,,merged
JOSHI,Joshi Hydropower Development Company Limited,Hydropower,ordinary,Hydropower,listed
JSLBB,Janautthan Samudayic Laghubitta Bittiya Sanstha Limited,Microfinance,ordinary,Microfinance,listed
KAHL,Kalanga Hydro Limited,Hydropower,ordinary,Hydropower,listed
KBL,Kumari Bank Limited,Commercial Bank,ordinary,Commercial Bank,listed
KBLD86,10.25% Kumari Bank Debenture 2086,Corporate Debentures,debenture,,listed
KBLD89,11% KBL Debenture 2089,Corporate Debentures,debenture,,listed
KBLD90,10% KBL Debenture 2090,Corporate Debentures,debenture,,listed
KBLPO,Kumari Bank Limited Promotor Share,Promoter Share,promoter_share,,listed
KBSH,Kutheli Bukhari Small Hydropower Limited,Hydropower,ordinary,Hydropower,listed
KDBY,Kumari Dhanabriddhi Yojana,Mutual Fund,mutual_fund,,listed
KDL,Kalinchowk Darshan Limited,Hotel & Tourism,ordinary,Hotel & Tourism,listed
KEF,Kumari Equity Fund,Mutual Fund,mutual_fund,,listed
KHPL,Kalinchowk Hydropower Limited,Hydropower,ordinary,Hydropower,listed
KKHC,Khani Khola Hydropower Company Limited,Hydropower,ordinary,Hydropower,listed
KMCDB,Kalika Laghubitta Bittiya Sanstha Limited,Microfinance,ordinary,Microfinance,listed
KPCL,Kalika Power Company Limited,Hydropower,ordinary,Hydropower,listed
KRBL,Karnali Development Bank Limited,Development Bank,ordinary,Development Bank,listed
KSBBL,Kamana Sewa Bikas Bank Limited,Development Bank,ordinary,Development Bank,listed
KSBBLD87,9% Kamana Sewa Bikas Bank Limited Debenture 2087,Corporate Debentures,debenture,,listed
KSY,Kumari Sabal Yojana,Mutual Fund,mutual_fund,,listed
LBBL,Lumbini Bikas Bank Limited,Development Bank,ordinary,Development Bank,listed
LBBLD89,11% LBBL Debenture 2089,Corporate Debentures,debenture,,listed
LBL,Laxmi Bank Limited,Merged,ordinary,,merged
LBLD86,10% Laxmi Bank Debenture 2086,Corporate Debentures,debenture,,listed
LBLD88,8.5% Laxmi Bank Debenture,Corporate Debentures,debenture,,listed
LEC,Liberty Energy Company Limited,Hydropower,ordinary,Hydropower,listed
LICN,Life Insurance Corporation Nepal Limited,Life Insurance,ordinary,Life Insurance,listed
LLBS,Laxmi Laghubitta Bittiya Sanstha Limited,Microfinance,ordinary,Microfinance,listed
LSH12,LS Horizon 12,Mutual Fund,mutual_fund,,listed
LSL,Laxmi Sunrise Bank Limited,Commercial Bank,ordinary,Commercial Bank,listed
LUK,Laxmi Unnati Kosh,Mutual Fund,mutual_fund,,listed
LVF2,Laxmi Value Fund-II,Mutual Fund,mutual_fund,,listed
MABEL,Mabilung Energy Limited,Hydropower,ordinary,Hydropower,listed
MAKAR,Makar Jitumaya Suri Hydropower Company Limited,Hydropower,ordinary,Hydropower,listed
MANDU,Mandu Hydropower Limited,Hydropower,ordinary,Hydropower,listed
MATRI,Matribhumi Laghubitta Bittiya Sanstha Limited,Microfinance,ordinary,Microfinance,listed
MBJC,Madhya Bhotekoshi Jalavidyut Company Limited,Hydropower,ordinary,Hydropower,listed
MBL,Machhapuchchhre Bank Limited,Commercial Bank,ordinary,Commercial Bank,listed
MBLD87,8.5% Machhapuchchhre Debenture 2087,Corporate Debentures,debenture,,listed
MBLEF,MBL Equity Fund,Mutual Fund,mutual_fund,,listed
MCHL,Menchhiyam Hydropower  Limited,Hydropower,ordinary,Hydropower,listed
MDB,Miteri Development Bank Limited,Development Bank,ordinary,Development Bank,listed
MDBPO,Miteri Development Bank Limited Promoter Share,Promoter Share,promoter_share,,listed
MEGA,Mega Bank Nepal Limited,Merged,ordinary,,merged
MEHL,Manakamana Engineering Hydropower Limited,Hydropower,ordinary,Hydropower,listed
MEL,Modi Energy Limited,Hydropower,ordinary,Hydropower,listed
MEN,Mountain Energy Nepal Limited,Hydropower,ordinary,Hydropower,listed
MEPDL,Mount Everest Power Development Limited,Hydropower,ordinary,Hydropower,listed
MERO,Mero Microfinance Laghubitta Bittiya Sanstha Limited,Microfinance,ordinary,Microfinance,listed
MFIL,Manjushree Finance Limited,Finance,ordinary,Finance,listed
MFLD85,9.5%  Manjushree Finance Ltd. Debenture 2085,Corporate Debentures,debenture,,listed
MHCL,Molung Hydropower Company Limited,Hydropower,ordinary,Hydropower,listed
MHL,Mandakini Hydropower Limited,Hydropower,ordinary,Hydropower,listed
MHNL,Mountain Hydro Nepal Limited,Hydropower,ordinary,Hydropower,listed
MKCL,Muktinath Krishi Company Limited,Others,ordinary,,listed
MKHC,Maya Khola Hydropower Company Limited,Hydropower,ordinary,Hydropower,listed
MKHL,Mai Khola Hydropower Limited,Hydropower,ordinary,Hydropower,listed
MKJC,Mailung Khola Jal Vidhyut Company Limited,Hydropower,ordinary,Hydropower,listed
MLBBL,Mithila Laghubitta Bittiya Sanstha Limited,Microfinance,ordinary,Microfinance,listed
MLBL,Mahalaxmi Bikas Bank Limited,Development Bank,ordinary,Development Bank,listed
MLBLD89,11% Mahalaxmi Debenture 2089,Corporate Debentures,debenture,,listed
MLBS,Manushi Laghubitta Bittiya Sanstha Limited,Microfinance,ordinary,Microfinance,listed
MLBSL,Mahila Laghubitta Bittiya Sanstha Limited,Microfinance,ordinary,Microfinance,listed
MMF1,Mega Mutual Fund - 1,Mutual Fund,mutual_fund,,listed
MMKJL,Mathillo Mailun Khola Jalvidhyut Limited,Hydropower,ordinary,Hydropower,listed
MNBBL,Muktinath Bikas Bank Limited,Development Bank,ordinary,Development Bank,listed
MNBBLP,Muktinath Bikas Bank Limited Promoter Share,Promoter Share,promoter_share,,listed
MND84-85,8.75% Muktinath Debenture/Rinpatra 2084/85,Corporate Debentures,debenture,,listed
MNMF1,Muktinath Mutual Fund 1,Mutual Fund,mutual_fund,,listed
MPFL,Multipurpose Finance Company Limited,Finance,ordinary,Finance,listed
MSHL,Mid Solu Hydropower Company Limited,Hydropower,ordinary,Hydropower,listed
MSLB,Mahuli Laghubitta Bittiya Sanstha Limited,Microfinance,ordinary,Microfinance,listed
NABBC,Narayani Development Bank Limited,Development Bank,ordinary,Development Bank,listed
NABIL,Nabil Bank Limited,Commercial Bank,ordinary,Commercial Bank,listed
NABILD2089,7% Nabil Debenture 2089,Corporate Debentures,debenture,,listed
NADEP,NADEP Laghubitta Bittiya Sanstha Limited,Microfinance,ordinary,Microfinance,listed
NBB,Nepal Bangladesh Bank Limited,Merged,ordinary,,merged
NBBD2085,10.25% NBBL Debenture 2085,Corporate Debentures,debenture,,listed
NBF2,Nabil Balanced Fund - 2,Mutual Fund,mutual_fund,,listed
NBF3,Nabil Balanced Fund III,Mutual Fund,mutual_fund,,listed
NBL,Nepal Bank Limited,Commercial Bank,ordinary,Commercial Bank,listed
NBLD82,10% Nabil Bank Debenture 2082,Corporate Debentures,debenture,,listed
NBLD85,8% Nabil Debenture 2085,Corporate Debentures,debenture,,listed
NBLD87,8.5% Nepal Bank Debenture 2087,Corporate Debentures,debenture,,listed
NCCB,Nepal Credit and Commerce Bank Limited,Merged,ordinary,,merged
NCCD86,9.5%  NCC Rinpatra 2086,Corporate Debentures,debenture,,listed
NESDO,Nesdo Sambridha Laghubitta Bittiya Sanstha Limited,Microfinance,ordinary,Microfinance,listed
NFS,Nepal Finance Limited,Finance,ordinary,Finance,listed
NGPL,Ngadi Group Power Limited,Hydropower,ordinary,Hydropower,listed
NHDL,Nepal Hydro Developer Limited,Hydropower,ordinary,Hydropower,listed
NHPC,National Hydro Power Company Limited,Hydropower,ordinary,Hydropower,listed
NIB,Nepal Investment Bank Limited,Merged,ordinary,,merged
NIBD84,8.5% Nepal Investment Bank Bond 2084,Corporate Debentures,debenture,,listed
NIBLGF,NIBL Growth Fund,Mutual Fund,mutual_fund,,listed
NIBLSTF,NIBL Stable Fund,Mutual Fund,mutual_fund,,listed
NIBSF2,NIBL Samriddhi Fund - 2,Mutual Fund,mutual_fund,,listed
NICA,NIC Asia Bank Limited,Commercial Bank,ordinary,Commercial Bank,listed
NICAD2091,7% NIC Asia Debenture 2091,Corporate Debentures,debenture,,listed
NICAD85-86,10% NIC Asia Debenture 2085/86,Corporate Debentures,debenture,,listed
NICAP,NICA Bank Limited Promoter share,Promoter Share,promoter_share,,listed
NICBF,NIC ASIA Balanced Fund,Mutual Fund,mutual_fund,,listed
NICD83-84,10.25% NIC ASIA Debenture 2083/84,Corporate Debentures,debenture,,listed
NICD88,8.5% NIC Asia Debenture 2088,Corporate Debentures,debenture,,listed
NICFC,NIC Asia Flexi Cap Fund,Mutual Fund,mutual_fund,,listed
NICGF2,NIC Asia Growth Fund 2,Mutual Fund,mutual_fund,,listed
NICL,Nepal Insurance Company Limited,Non-Life Insurance,ordinary,Non-Life Insurance,listed
NICLBSL,NIC Asia Laghubitta Bittiya Sanstha Limited,Microfinance,ordinary,Microfinance,listed
NICSF,NIC Asia Select-30,Mutual Fund,mutual_fund,,listed
NIFRA,Nepal Infrastructure Bank Limited,Investment,ordinary,Investment,listed
NIFRAGED,6% Nifra Harit Urja Debenture 2088/89,Corporate Debentures,debenture,,listed
NIFRAUR85-86,7% NIFRA Urja Rinpatra 2085/86,Corporate Debentures,debenture,,listed
NIL,Neco Insurance Limited,Non-Life Insurance,ordinary,Non-Life Insurance,listed
NIMB,Nepal Investment Mega Bank Limited,Commercial Bank,ordinary,Commercial Bank,listed
NIMBD90,10% NIMB Debenture 2090,Corporate Debentures,debenture,,listed
NIMBPO,Nepal Investment Mega Bank Ltd. Promoter Share,Promoter Share,promoter_share,,listed
NLG,NLG Insurance Company Limited,Non-Life Insurance,ordinary,Non-Life Insurance,listed
NLIC,Nepal Life Insurance Company Limited,Life Insurance,ordinary,Life Insurance,listed
NLICL,National Life Insurance Company Limited,Life Insurance,ordinary,Life Insurance,listed
NLO,Nepal Lube Oil Limited,Manufacturing and Processing,ordinary,Manufacturing and Processing,listed
NMB,NMB Bank Limited,Commercial Bank,ordinary,Commercial Bank,listed
NMB50,NMB 50,Mutual Fund,mutual_fund,,listed
NMBD2085,10% NMB Debenture 2085,Corporate Debentures,debenture,,listed
NMBD87-88,8.5% NMB Rinpatra 2087/88,Corporate Debentures,debenture,,listed
NMBD89-90,10.75% NMB Debenture  2089/2090,Corporate Debentures,debenture,,listed
NMBHF2,NMB Hybrid Fund L-II,Mutual Fund,mutual_fund,,listed
NMBMF,NMB Laghubitta Bittiya Sanstha Limited,Microfinance,ordinary,Microfinance,listed
NMBPO,NMB Bank Limited Promoter Share,Promoter Share,promoter_share,,listed
NMBUR93-94,4% NMB Urja Rinpatra (Energy Bond II) 2093/94,Corporate Debentures,debenture,,listed
NMFBS,National Laghubitta Bittiya Sanstha Limited,Microfinance,ordinary,Microfinance,listed
NMIC,Nepal Micro Insurance Company Limited,Non-Life Insurance,ordinary,Non-Life Insurance,listed
NMLBBL,Nerude Mirmire Laghubitta Bittiya Sanstha Limited,Microfinance,ordinary,Microfinance,listed
NRIC,Nepal Reinsurance Company Limited,Others,ordinary,,listed
NRM,Nepal Republic Media Limited,Others,ordinary,,listed
NRN,NRN Infrastructure and Development Limited,Investment,ordinary,Investment,listed
NSIF2,NMB Sulav Investment Fund - II,Mutual Fund,mutual_fund,,listed
NSY,Nepal Life Samriddhi Lagani Yojana,Mutual Fund,mutual_fund,,listed
NTC,Nepal Doorsanchar Company Limited,Others,ordinary,,listed
NUBL,Nirdhan Utthan Laghubitta Bittiya Sanstha Limited,Microfinance,ordinary,Microfinance,listed
NWCL,Nepal Warehousing Company Limited,Others,ordinary,,listed
NYADI,Nyadi Hydropower  Limited,Hydropower,ordinary,Hydropower,listed
OHL,Oriental Hotel Limited,Hotel & Tourism,ordinary,Hotel & Tourism,listed
OMPL,Om Megashree Pharmaceuticals Limited,Manufacturing and Processing,ordinary,Manufacturing and Processing,listed
PBD84,10.15% Prime Debenture 2084,Corporate Debentures,debenture,,listed
PBD85,8.75% Prime Debenture 2085,Corporate Debentures,debenture,,listed
PBD88,10% Prime Debenture 2088,Corporate Debentures,debenture,,listed
PBLD84,10% Prabhu Bank Debenture 2084 (PBLD84),Corporate Debentures,debenture,,listed
PBLD86,10.25% Prabhu Bank Debenture 2086,Corporate Debentures,debenture,,listed
PBLD87,8.5% Prabhu Bank Debenture 2087,Corporate Debentures,debenture,,listed
PCBL,Prime Commercial Bank Limited,Commercial Bank,ordinary,Commercial Bank,listed
PCBLP,Prime Commercial Bank Limited Promoter Share,Promoter Share,promoter_share,,listed
PCIL,Palpa Cements Industries Limited,Manufacturing and Processing,ordinary,Manufacturing and Processing,listed
PFL,Pokhara Finance Limited,Finance,ordinary,Finance,listed
PHCL,Peoples Hydropower Company Limited,Hydropower,ordinary,Hydropower,listed
PLI,Prabhu Life Insurance Limited,Merged,ordinary,,merged
PLIC,Prime Life Insurance Company Limited,Merged,ordinary,,merged
PMHPL,Panchakanya Mai Hydropower Limited,Hydropower,ordinary,Hydropower,listed
PMLI,Prabhu Mahalaxmi Life Insurance Company Limited,Life Insurance,ordinary,Life Insurance,listed
PPCL,Panchthar Power Company Limited,Hydropower,ordinary,Hydropower,listed
PPL,People's Power Limited,Hydropower,ordinary,Hydropower,listed
PRIN,Prabhu Insurance Company Limited,Non-Life Insurance,ordinary,Non-Life Insurance,listed
PROFL,Progressive Finance Limited,Finance,ordinary,Finance,listed
PRSF,Prabhu Smart Fund,Mutual Fund,mutual_fund,,listed
PRVU,Prabhu Bank Limited,Commercial Bank,ordinary,Commercial Bank,listed
PRVUPO,Prabhu Bank Limited Promoter Share,Promoter Share,promoter_share,,listed
PSF,Prabhu Select Fund,Mutual Fund,mutual_fund,,listed
PURE,Pure Energy Limited,Others,ordinary,,listed
RADHI,Radhi Bidyut Company Limited,Hydropower,ordinary,Hydropower,listed
RAWA,Rawa Energy Development Ltd.,Hydropower,ordinary,Hydropower,listed
RBBD2088,7% RBBL Debenture 2088,Corporate Debentures,debenture,,listed
RBBD83,8.5% RBBL Debenture 2083,Corporate Debentures,debenture,,listed
RBBF40,RBB Focus 40,Mutual Fund,mutual_fund,,listed
RBCL,Rastriya Beema Company Limited,Non-Life Insurance,ordinary,Non-Life Insurance,listed
RBCLPO,Rastriya Beema Company Limited Promoter Share,Promoter Share,promoter_share,,listed
RFPL,River Falls Power Limited,Hydropower,ordinary,Hydropower,listed
RHGCL,Rapti Hydro & General Construction Limited,Hydropower,ordinary,Hydropower,listed
RHPC,Ridi Hydropower Development Company Limited,Merged,ordinary,,merged
RHPL,Rasuwagadhi Hydropower Company Limited,Hydropower,ordinary,Hydropower,listed
RIDI,Ridi Power Company Limited,Hydropower,ordinary,Hydropower,listed
RLEL,Ridge Line Energy Limited,Hydropower,ordinary,Hydropower,listed
RLFL,Reliance Finance Limited,Finance,ordinary,Finance,listed
RLI,Reliance Life Insurance Limited,Merged,ordinary,,merged
RMF1,RBB Mutual Fund 1,Mutual Fund,mutual_fund,,listed
RMF2,RBB Mutual Fund 2,Mutual Fund,mutual_fund,,listed
RNLI,Reliable Nepal Life Insurance Limited,Life Insurance,ordinary,Life Insurance,listed
RRHP,Rairang Hydropower Development Company Limited.,Merged,ordinary,,merged
RSDC,RSDC Laghubitta Bittiya Sanstha Limited,Microfinance,ordinary,Microfinance,listed
RSML,Reliance Spinning Mills Limited,Manufacturing and Processing,ordinary,Manufacturing and Processing,listed
RSY,Reliable Samriddhi Yojana,Mutual Fund,mutual_fund,,listed
RSY2,Reliable Samriddhi Yojana-2,Mutual Fund,mutual_fund,,listed
RURU,Ru Ru Jalbidhyut Pariyojana Limited,Hydropower,ordinary,Hydropower,listed
SABBL,Salapa Bikas Bank Limited,Development Bank,ordinary,Development Bank,listed
SADBL,Shangrila Development Bank Limited,Development Bank,ordinary,Development Bank,listed
SAEF2,Sanima Equity Fund II,Mutual Fund,mutual_fund,,listed
SAGAR,Sagar Distillery Limited,Manufacturing and Processing,ordinary,Manufacturing and Processing,listed
SAGF,Sanima Growth Fund,Mutual Fund,mutual_fund,,listed
SAHAS,Sahas Urja Limited,Hydropower,ordinary,Hydropower,listed
SAIL,Shreenagar Agritech Industries Limited,Manufacturing and Processing,ordinary,Manufacturing and Processing,listed
SALICO,Sagarmatha Lumbini Insurance Company Limited,Non-Life Insurance,ordinary,Non-Life Insurance,listed
SALICOPO,Sagarmatha Lumbini Insurance Company Limited Promoter Share,Promoter Share,promoter_share,,listed
SANIMA,Sanima Bank Limited,Commercial Bank,ordinary,Commercial Bank,listed
SANVI,Sanvi Energy Limited,Hydropower,ordinary,Hydropower,listed
SAPDBL,Saptakoshi Development Bank Limited,Development Bank,ordinary,Development Bank,listed
SAPIL,Sarvottam Paints Industries Limited,Manufacturing and Processing,ordinary,Manufacturing and Processing,listed
SARBTM,Sarbottam Cement Limited,Manufacturing and Processing,ordinary,Manufacturing and Processing,listed
SBCF,Sunrise Bluechip Fund,Mutual Fund,mutual_fund,,listed
SBD87,8.5% Sanima Debenture 2087,Corporate Debentures,debenture,,listed
SBD89,10.25% Sanima Debenture 2089,Corporate Debentures,debenture,,listed
SBI,Nepal SBI Bank Limited,Commercial Bank,ordinary,Commercial Bank,listed
SBID2090,7% Nepal SBI Bank Debenture 2090,Corporate Debentures,debenture,,listed
SBID83,10.25% Nepal SBI Bank Debenture 2083,Corporate Debentures,debenture,,listed
SBID89,9% Nepal SBI Bank Debenture 2089,Corporate Debentures,debenture,,listed
SBL,Siddhartha Bank Limited,Commercial Bank,ordinary,Commercial Bank,listed
SBLD2091,7.25% SBL Debenture 2091,Corporate Debentures,debenture,,listed
SBLD83,10.25% SBL Debenture 2083,Corporate Debentures,debenture,,listed
SBLD84,8.5% SBL Debenture 2084,Corporate Debentures,debenture,,listed
SBLD89,10.75 % SBL Debenture 2089,Corporate Debentures,debenture,,listed
SCB,Standard Chartered Bank Nepal Limited,Commercial Bank,ordinary,Commercial Bank,listed
SCBD,10.30% Standard Chartered Bank Nepal Limited Debenture,Corporate Debentures,debenture,,listed
SDBD87,"9% Shangrila Development Bank Debenture, 2087",Corporate Debentures,debenture,,listed
SEF,Siddhartha Equity Fund,Mutual Fund,mutual_fund,,listed
SEF2,Siddhartha Equity Fund 2,Mutual Fund,mutual_fund,,listed
SFCL,Samriddhi Finance Company Limited (former World Merchant Banking),Merged,ordinary,,merged
SFEF,Sunrise Focused Equity Fund,Mutual Fund,mutual_fund,,listed
SFMF,Sunrise First Mutual Fund,Mutual Fund,mutual_fund,,listed
SGHC,Swet-Ganga Hydropower & Construction Limited,Hydropower,ordinary,Hydropower,listed
SGHL,Sanigad Hydro Limited,Hydropower,ordinary,Hydropower,listed
SGIC,Sanima GIC Insurance Limited,Non-Life Insurance,ordinary,Non-Life Insurance,listed
SHBL,Sahara Bikas Bank Limited,Merged,ordinary,,merged
SHEL,Singati Hydro Energy Limited,Hydropower,ordinary,Hydropower,listed
SHINE,Shine Resunga Development Bank Limited,Development Bank,ordinary,Development Bank,listed
SHINED,Shine Resunga Debenture,Corporate Debentures,debenture,,listed
SHIVM,Shivam Cements Limited,Manufacturing and Processing,ordinary,Manufacturing and Processing,listed
SHL,Soaltee Hotel Limited,Hotel & Tourism,ordinary,Hotel & Tourism,listed
SHLB,Shrijanshil Laghubitta Bittiya Sanstha Limited,Microfinance,ordinary,Microfinance,listed
SHPC,Sanima Mai Hydropower Limited,Hydropower,ordinary,Hydropower,listed
SICL,Shikhar Insurance Company Limited,Non-Life Insurance,ordinary,Non-Life Insurance,listed
SIFC,Shree Investment Finance Company Limited,Finance,ordinary,Finance,listed
SIGS2,Siddhartha Investment Growth Scheme-2,Mutual Fund,mutual_fund,,listed
SIGS3,Siddhartha Investment Growth Scheme 3,Mutual Fund,mutual_fund,,listed
SIKLES,Sikles Hydropower Limited,Hydropower,ordinary,Hydropower,listed
SINDU,Sindhu Bikas Bank Limited,Development Bank,ordinary,Development Bank,listed
SIPD,Shikhar Power Development Limited,Hydropower,ordinary,Hydropower,listed
SJCL,Sanjen Jalavidhyut Company Limited,Hydropower,ordinary,Hydropower,listed
SJLIC,SuryaJyoti Life Insurance Company Limited,Life Insurance,ordinary,Life Insurance,listed
SKBBL,Sana Kisan Bikas Laghubitta Bittiya Sanstha Limited,Microfinance,ordinary,Microfinance,listed
SKHEL,Suryakunda Hydro Electric Limited,Hydropower,ordinary,Hydropower,listed
SKHL,Super Khudi Hydropower Limited,Hydropower,ordinary,Hydropower,listed
SLBBL,Swarojgar Laghubitta Bittiya Sanstha Limited,Microfinance,ordinary,Microfinance,listed
SLBBLP,Swarojgar Laghubitta Bittiya Sanstha Limited Promoter Share,Promoter Share,promoter_share,,listed
SLBSL,Samudayik Laghubitta Bittiya Sanstha Limited,Microfinance,ordinary,Microfinance,listed
SLCF,Sanima Large Cap Fund,Mutual Fund,mutual_fund,,listed
SLI,Sanima Life Insurance Company Limited,Merged,ordinary,,merged
SLICL,Surya Life Insurance Company Limited,Merged,ordinary,,merged
SMATA,Samata Gharelu Laghubitta Bittiya Sanstha Limited,Microfinance,ordinary,Microfinance,listed
SMB,Support Laghubitta Bittiya Sanstha Limited,Microfinance,ordinary,Microfinance,listed
SMFBS,Swabhimaan Laghubitta Bittiya Sanstha Limited,Microfinance,ordinary,Microfinance,listed
SMH,Supermai Hydropower  Limited,Hydropower,ordinary,Hydropower,listed
SMHL,Super Madi Hydropower Limited,Hydropower,ordinary,Hydropower,listed
SMJC,Sagarmatha Jalbidhyut Company Limited,Hydropower,ordinary,Hydropower,listed
SMPDA,Sampada Laghubitta Bittiya Sanstha Limited,Microfinance,ordinary,Microfinance,listed
SNLI,Sun Nepal Life Insurance Company Limited,Life Insurance,ordinary,Life Insurance,listed
SNORL,Snow Rivers Limited,Hydropower,ordinary,Hydropower,listed
SOHL,Solu Hydropower Limited,Hydropower,ordinary,Hydropower,listed
SONA,Sonapur Minerals and Oil Limited,Manufacturing and Processing,ordinary,Manufacturing and Processing,listed
SOPL,Sopan Pharmaceuticals Limited,Manufacturing and Processing,ordinary,Manufacturing and Processing,listed
SPC,Samling Power Company Limited,Hydropower,ordinary,Hydropower,listed
SPDL,Synergy Power Development Limited,Hydropower,ordinary,Hydropower,listed
SPHL,Sayapatri Hydropower Limited,Hydropower,ordinary,Hydropower,listed
SPIL,Siddhartha Premier Insurance Limited,Non-Life Insurance,ordinary,Non-Life Insurance,listed
SPL,Shuvam Power Limited,Hydropower,ordinary,Hydropower,listed
SRBL,Sunrise Bank Limited,Merged,ordinary,,merged
SRBLD83,10.25% SRBL Debenture 2083,Corporate Debentures,debenture,,listed
SRLI,Sanima Reliance Life Insurance Limited,Life Insurance,ordinary,Life Insurance,listed
SRLIP,Sanima Reliance Life Insurance Limited Promoter Share,Promoter Share,promoter_share,,listed
SSHL,Shiva Shree Hydropower Limited,Hydropower,ordinary,Hydropower,listed
STC,Salt Trading Corporation Limited,Trading,ordinary,Trading,listed
SWASTIK,Swastik Laghubitta Bittiya Sanstha Limited,Microfinance,ordinary,Microfinance,listed
SWBBL,Swabalamban Laghubitta Bittiya Sanstha Limited,Microfinance,ordinary,Microfinance,listed
SWMF,Suryodaya Womi Laghubitta Bittiya Sanstha Limited,Microfinance,ordinary,Microfinance,listed
SYPNL,SY Panel Nepal Limited,Manufacturing and Processing,ordinary,Manufacturing and Processing,listed
TAMOR,Sanima Middle Tamor Hydropower Limited,Hydropower,ordinary,Hydropower,listed
TPC,Terhathum Power Company Limited,Hydropower,ordinary,Hydropower,listed
TPKHL,Taksar Pikhuwa Khola Hydropower Limited,Hydropower,ordinary,Hydropower,listed
TRH,Taragaon Regency Hotel Limited,Hotel & Tourism,ordinary,Hotel & Tourism,listed
TSHL,Three Star Hydropower Limited,Hydropower,ordinary,Hydropower,listed
TTL,Trade Tower Limited,Others,ordinary,,listed
TVCL,Trishuli Jal Vidhyut Company Limited,Hydropower,ordinary,Hydropower,listed
UAIL,United Ajod Insurance Limited,Non-Life Insurance,ordinary,Non-Life Insurance,listed
UHEWA,Upper Hewakhola Hydropower Company Limited,Hydropower,ordinary,Hydropower,listed
ULBSL,Upakar Laghubitta Bittiya Sanstha Limited,Microfinance,ordinary,Microfinance,listed
ULHC,Upper Lohore Khola Hydropower Company Limited,Hydropower,ordinary,Hydropower,listed
ULI,Union Life Insurance Company Limited,Merged,ordinary,,merged
UMHL,United Modi Hydropower Limited,Hydropower,ordinary,Hydropower,listed
UMRH,United Idi-Mardi and R.B. Hydropower Limited,Hydropower,ordinary,Hydropower,listed
UNHPL,Union Hydro Holdings Company Limited,Hydropower,ordinary,Hydropower,listed
UNL,Unilever Nepal Limited,Manufacturing and Processing,ordinary,Manufacturing and Processing,listed
UNLB,Unique Nepal Laghubitta Bittiya Sanstha Limited,Microfinance,ordinary,Microfinance,listed
UPCL,Universal Power Company Limited,Hydropower,ordinary,Hydropower,listed
UPPER,Upper Tamakoshi Hydropower Limited,Hydropower,ordinary,Hydropower,listed
USHEC,Upper Solu Hydro Electric Company Limited,Hydropower,ordinary,Hydropower,listed
USHL,Upper Syange Hydropower Limited,Hydropower,ordinary,Hydropower,listed
USLB,Unnati Sahakarya Laghubitta Bittiya Sanstha Limited,Microfinance,ordinary,Microfinance,listed
VLBS,Vijaya Laghubitta Bittiya Sanstha Limited,Microfinance,ordinary,Microfinance,listed
VLUCL,Vision Lumbini Urja Company Limited,Hydropower,ordinary,Hydropower,listed
WNLB,Wean Nepal Laghubitta Bittiya Sanstha Limited,Microfinance,ordinary,Microfinance,listed
YMHL,Yambaling Hydropower Limited,Hydropower,ordinary,Hydropower,listed
